thematic;card;id;bearer;conditions;lockturn;weight;question;override_yes;answer_yes;yes_spiritual;yes_military;yes_demography;yes_treasure;yes_custom;override_no;answer_no;no_spiritual;no_military;no_demography;no_treasure;no_custom;vide
buildings;tower;1;general;;70;8;Your fortress is too weak. We should build a new tower.;;;;10?;;-10;tower_keep;;;;-5;-5;;;
buildings;fortifications;2;general;tower_keep and military<40 and !fortification_keep;100;20;Let me build fortifications around the capital. It's costly, but well worth the bother.;;;;?20;;-30;fortification_keep;;;;?-5;;;;
buildings;school;3;monk;!school_keep;100;10;We would like to build a school in the capital for the enlightenment of the people.;;;10;;10;-15?;add_nun and school_keep;;;-10;;-5;;;
buildings;sculpture;4;merchant;treasure>60 and marketplace_keep;200;10;The Merchant's Guild would like to adorn the marketplace of the capital with a statue of Your Majesty.;;;-5;;5;-5;;;;10;;;;;
buildings;marketplace;5;merchant;!marketplace_keep;60;8;We want to build a new marketplace. It will open our economy to foreign trade.;;;-5;;10;10;marketplace_keep;;;;;-5;-15;;
buildings;centralbank;6;merchant;marketplace_keep and treasure>60 and !centralbank_keep;350;15;Our economy is flourishing thanks to our effort to regulate trade! We should create a central bank.;;;-20?;;;5;centralbank_keep;;;;;;-5?;;
buildings;church_blessing;7;monk;nb_church_keep>3;del;30;We would like you to bless the new churches.;;;15;;;-5;;;;-10;;;;;
buildings;church;8;priest;nb_church_keep<8;60;10;We need to build a new church.;;;15?;;;-10;nb_church_keep+;Don't we have enough?;;-10?;;;;;
buildings;barn;9;farmer;!barn_keep and dynasty>3;70;10;Sire, we should spend some money to build a communal barn to prevent famine.;;;;;5;-20;barn_keep;;;;;-15;;;
buildings;bird;10;priest;dynasty>1;40;5;Your people in the North are superstitious and impious. Build more churches?;;;15;;5;-10?;nb_church_keep+;;;-10;;;;;
buildings;cathedral;11;priest;!cathedral_keep;80;20;We need to start building a Cathedral in honor of the Almighty.;;;10?30;;;-30;>>>>>>>>>>>>>>>>>>>_cathedral_finished_keep;;;-10;;-5;;;
buildings;_cathedral_finished_keep;12;priest;;;;The Cathedral is built! We have to organize a grand ceremony!;;;15;5;5;-15?;cathedral_keep;;;-10;;;;cathedral_keep;
church;first_priest;13;priest;age<5;60;13;Long live the King! I will pray for the prosperity of Your Majesty.;;;20?;;;-10;;;;-20?;;;5;;
church;schizm;14;priest;spiritual>60;40;20;There's a crisis in your Church. We need to reform our religion!;Sure, let's do it...;;20;-10;-10;;>inquisition2;Whoa, not so fast...;;-10;;;;;
church;inquisition;15;priest;spiritual<40;40;25;Your Church is weak and the people blasphemous.;;;10?;;;;>;;;-5?;;;;;
church;inquisition2;16;priest;!inquisition;100;5;Give us enough power to enforce the divine justice in your country. The Pope is ready to pay the price.;;;40;-10?;-10?;20;inquisition;;;-20;5?;10?;-5;;
church;dime;17;priest;treasure<40;80;15;We would like to raise a new tax for the Church, shared with the Crown of course.;;;15;;-15?;15;;;;-10;;;;;
church;pelerinage;18;priest;;100;8;We should create a pilgrimage to the tomb of Saint Armand.;;;20;;5;-10?;>>>>>>>>>>>_starmand;;;-10;;-5;;;
church;saint;19;priest;cathedral_keep;50;10;Sire, would you like to assist in the inhumation of Saint Romuald in the Cathedral?;;;10?;;;-10?;;You don't need me...;;-10?;;;;;
church;wiches;20;priest;spiritual<40 and year>720;50;12;A large part of the country is worshipping false gods. We must burn witches!;I don't want to know;;20?;;-5?;;witchhunt and isCoward;No you must not;;-5?;;10?;;;
church;;21;monk;;120;8;We... may have a problem. A monk has started to bite his brothers... And it's spreading fast.;General!;;10?;;;;>;Werewolves?;;-10?;;;;add_werewolf and >_weremonks;
;_;22;general;;;;This is probably a case of lycanthropy. I don't deal with that.;Werewolves?;;-10?;;;;add_werewolf and >_weremonks;I command you;<i><general> puts the monks in prison. They confessed under the torture that they were indeed werewolves.</i>;;-10?;;;add_werewolf and >_weremonks;
;_weremonks;23;werewolf;;;;Werewolves... I don't think so, no... You should call that "cruel lack of physical activity".;I...;;;;;;;Well...;;;;;;;
church;;24;anyone;;130;8;A convent of nuns has started meowing like cats. It's spreading to the village.;General!;<i>You send the army to stop the nun-meowing. The Church is embarrassed, but approves.</i>;5?;-15?;;;witchhunt;Why would I care?;<i>The nuns kept meowing for ages. In the end the Church declared them heretics and burnt down the convent.</i>;-15?;;;;;
church;witchhunt;25;witch;witchhunt;15;100;Please stop the cowardly and stupid massacre of innocent young women.;;;-10?;;10;;!witchhunt and yes_witch++;I don't know about that;;10;;-20;;isCoward;
church;wiches_alt;26;anyone;spiritual>60 and demography<40 and year>620;40;10;A large mob is attacking the main cathouse in the city. They say they're possessed by the devil!;Disperse the mob!;;-5;;-10;;;I need more information!;;10;;;;witchhunt and isCoward;
church;theocracy;27;priest;inquisition;200;12;You are under arrest. You have broken the commandments of the blessed Church.;I repent;;5;-20?;;-5;theocracy;Go to hell!;;-100;;;;>_end_fire;
church;money_church;28;priest;nb_church_keep>3;46;10;I request your help to maintain the Church estates in good condition.;;;10;;;-15;;;;-5;;-5;;;
church;mess;29;priest;;80;10;I would like to conduct a mass to the memory of your father.;;;5;;;-10;;;;-10?;-10?;;;;
church;;30;monk;!has_prophet;del;50;A man claims the recent epidemic of dysentery was in God's plan to bring Love to the world.;;<i>A man enters the throne room, pushing <monk> away.</i>;-5;;;;add_prophet and >;No, I'm...;<i>A man enters the throne room, pushing <monk> away.</i>;-5;;;;add_prophet and >;
church;_;31;prophet;;;;Brother! Pray with me. Angels sent me signs of His will and it's not looking good. The Beast!;What signs?;;-5;;;;>;This is a private throne room;;-5;;;;>_prophetroom;
church;_;32;prophet;;;;Wherever I go, everything crumbles and dies horribly. I bring the Devil to fortify Our Father's Faith!;All right...;;;;-5;;>_prestprophet;Guard!;;;-5;;;>_prestprophet;
church;_prophetroom;33;prophet;;;;No it isn't. This is the land I walk, thus it is God's land.;We will see...;;;;-5;;>;Guard!;;;-5;;;>;
church;_prestprophet;34;priest;;;;This is outrageous! This is contagious! This heretic needs to burn!;;<i>Reluctantly, the executioner takes the Prophet away.</i>;5;;;;>_ressucite;;;-5;;;;>;
church;_judegeprophet;35;nobleman;;;;My Lord, the <priest> judged <prophet> a heretic and sent him to the executioner!;Oh well...;;10;;;;>_ressucite;Can't any of you just do what I say?;;;-5;;;>_ressucite;
church;_ressucite;36;prophet;;;;I was resurrected to spread the words of Joy and Love for God in this crumbling country! ;<i>Nervous laugh</i>;;;;5;;>;<i>Deep sigh</i>;;;;5;;>;
church;_;37;executioner;;;;Not my fault. He tripped on a guard with a torch, resulting in the burning of the gibbet.;<i>Concerned smirk</i>;;;-5;;;;<i>Low curse</i>;;;-5;;;;
church;;38;prophet;;80;10;I will show the way of righteousness to your merchants. Behold!;;;-5;-5?;5?;;>;Please no. I can pay.;<i><prophet> leaves, brooding, but with your money.</i>;;;;-10;;
church;_;39;merchant;;;;Sire... There's been a problem with...;I will pay;<i><prophet> managed to enrage the cattle while preaching at the market. There are a lot of casualties.</i>;;;;-20;;<i>Ignore</i>;<i><prophet> managed to enrage the cattle while preaching at the market. There are a lot of casualties.</i>;-5;-5;-10;;;
church;;40;prophet;;100;10;I want to visit our godless neighbours. Except if you need me here?;;;-5;-5;;-5;;;<i><prophet> managed to destabilize the neighbours' country, strengthening your own position.</i>;;10?;-5;?20;;
church;;41;diplomat;has_prophet;del;10;<prophet> is crazy my Lord, but quite harmless. Your people love him. He's called the "Clumsy Prophet".;Let him be;;-15?;-5;10;-5;;Keep an eye on him;;5?;;-5;;;
church;;42;anyone;has_prophet and year>1000;del;100;<prophet> was trying to burn alleged envoys of the Antichrist yet he managed to kill himself!;Let's organize a pretty funeral;;-5?;;15?;-5;del_prophet;Good riddance;;5?;;-10?;;del_prophet;
church;;43;anyone;!has_prophet and year>1100;del;14;The rumor is spreading there's a new prophet on Earth.;I suppose...;;;;;;add_prophet and >;No way...;;;;;;add_prophet and >;
church;_;44;prophet>fanzy;;;;Remember me? I'm resurrected again!;Congratulations;;-5?;;10?;;;I don't believe you;;5?;;-10?;;;
church;;45;prophet>fanzy;year>1100;100;10;Your priests and monks are not the envoys of the Lord.;Yes they are;;5?;;;;;No they're not;;-15?;;;;;
church;priestunhappy;46;priest;no_priest>1;60;10;It seems my advice is not to your liking. You know Who rules above men and Kings!;I repent;;15?;;;;;It's certainly not you;;-10?;;;;>>>>_priesttreason;
treason;_priesttreason;47;priest;;;;Whether you want to or not, I need you in the crypt of Saint Armand. It's a matter of life and death.;;;5;;-5?;;>;;;-15?;;;;>;
treason;_crypt_death;48;priest;;;;May the Saints forgive your sins <i>(you feel someone behind your back)</i>.;Explain yourself!;<i>You're grasped from behind by an armed monk.</i>;100?;;;;>_end_fire;Guards!;<i>You manage to escape the trap, in extremis. The <priest> is sent to the executioner.</i>;-20?;;;;del_priest;
church;holyking;49;monk;spiritual>70;120;10;My Lord, you are a Saint! The Pope wants to establish his estates here!;;;10;-15?;-5;15;;;;-15?;;;;>>>priestunhappy;
conspiracy;rumour;50;doctor;has_nobleman and !conspiracy_keep;100;15;My Lord, could I talk to you in private? I know the priest will have to wait but this is a very important matter...;;<i>The doctor enters a side room. He talks nervously about <nobleman>, who was ill the previous week.</i>;-5?;5;5;;>;;;10;-5?;-5?;-5?;>church;
conspiracy;_rumour2;51;doctor;;;;During his fitful sleep, <nobleman> gave me details about a conspiracy against you. Should we bring him in?;;;;;;;>;;;;-5?;-5?;-5?;;
conspiracy;_rumour3;52;nobleman;;;;This is not true!! Your doctor has a wicked soul. You should ask him about the hidden room...;Tell me the truth!;<i>As you finish the sentence, <nobleman> falls to his knees, screaming</i> the Senator!;-5?;;;;> and del_nobleman and conspiracy_keep;Doctor?;;5;;-5?;;>_hidden_room;
conspiracy;_rumour4;53;doctor;;;;No pulse! This is poison! Someone doesn't want him to talk.;;;;;;;;About that room...;;10?;;;;>_hidden_room;
conspiracy;;54;merchant;conspiracy_keep;120;10;Someone murdered a rich merchant. It is said that the Senator did it. Should we investigate?;;;;;;5?;;;;;-5;;-15?;;
conspiracy;rumour_spy;55;spy;conspiracy_keep;200;10;The toads in the pond are whispering about the Senator.;The toads?;;;;;-10;>;Get lost;;;;;;;
conspiracy;_rumour_spy2;56;spy;;;;The Senator is hiding in plain sight.;Is that it?;;;;;;;;;;;;;;
conspiracy;intro;57;spy;;400;12;I'm not there... I'm a shadow...;Pardon me?;;;;;;;Is this a joke or...;;;;;;;
conspiracy;;58;spy;!terrorism;100;10;A slithering snake sneaks in your sleeve.;Yes?;;;;;;>>>>terror;Get lost;;;;;;>>>>terror;
conspiracy;rumour1;59;spy;has_nun and school_keep;200;6;The school is full of rats spreading rampant rumors. I have an informant, should I investigate?;;;-5?;5?;;-8;>;;;;-10?;;;;
conspiracy;_;60;spy;;;;Oh... this is embarrassing. It involves the headmistress, <nun>...;;;-10;;;;>;I don't want to know...;;10;;;;;
conspiracy;_;61;spy;;;;And <executioner>, the executioner.;I could use that...;;-10?;;;;;I really don't want to know...;;15?;;;;;
conspiracy;conspiracy1;62;spy;has_general;40;10;<general> is a salmon swimming upstream.;If you say so...;;;-5;;;;Never mind...;;;10;;;;
conspiracy;traitor;63;spy;nb_murder>0 and has_queen;40;10;The cat is out, the cat is on the hunt.;The cat?;;;5;5;;>;Oh for God's...;;-10?;;-5?;;;
conspiracy;_traitor_clue;64;spy;;;;The cat's meow is not cheap.;;;;;;-20;>;;;;-10?;;;;
conspiracy;_;65;spy;;;;The cat is in your bed and he wants to kill you.;I...;;;5?;;;!nb_murder;You're insane...;;;-5?;5?;;!nb_murder;
conspiracy;assasin1;66;general;!nb_murder and military>60;300;10;We discovered an unknown body in the dungeon. Its hands are missing. Shall we reinforce the garrison?;;;;10;;;nb_murder+;They're useless...;;;-5?;;;nb_murder+ and >>assasin2;
;;67;monk;nb_murder>0 and has_general;100;10;I know the killer of the dungeon! It's the wicked executioner!;I believe you;;10?;-5?;;;>;I don't believe you;;-10?;5;;;>;
;_;68;executioner;;;;Me? Violence is my job, not my hobby. I prefer to grow vegetables and study nature's beauty.;I believe you;;-5?;;10;;>;I don't believe you;;10?;;-5;;>>>>assasin2;
;_;69;diplomat;;;;Who is the murderer then?;I know;;;;;;>_whois;I don't know;;;;;;;
;_whois;70;jester;has_priest;10;100;The priest?;;;-20?;2?;2?;2?;del_priest and >>>assasin2;;;;;;;>_whois;
;_whois;71;diplomat;has_doctor;10;100;The doctor?;;;2?;2?;-20?;2?;del_doctor and >>>assasin2;;;;;;;>_whois;
;_whois;72;priest;has_general;10;100;The general?;;<i><general> confessed he ordered the murders to impose his power in the Kingdom.</i>;8?;-20?;8?;8?;!nb_murder and del_general;;;;;;;>_whois;
;_whois;73;farmer;has_merchant;10;100;The merchant?;;;2?;2?;2?;-20?;;;;;;;;>_whois;
;_whois;74;diplomat;;;1;You don't really know, do you?;Later;;-5?;5?;-5?;-5?;;;;-5?;5?;-5?;-5?;;
conspiracy;assasin2;75;general;nb_murder>0;6;20;We discovered another body in the dungeon. People are getting nervous and ask for more security.;;;;15;;-5;nb_murder+;;;;;-10;;nb_murder+;
conspiracy;assasin3;76;monk;nb_murder>1 and has_queen;reign;8;The Queen is dead my Lord, we also found her in the dungeon.;We need more security;;;20;;-10?;del_queen;Noooo!;;;-10;5;;del_queen;
conspiracy;;77;diplomat;conspiracy_keep;200;20;Please follow me my Lord, <i>(upset)</i> something terrible has happened.;;<i>You follow <diplomat> outside the castle. But suddenly your body becomes limp and the world spins, spins so fast.</i>;-100?;-100?;-100?;-100?;> and add_lady;;;;;;;;
conspiracy;_;78;diplomat>dark;;;;Are you awake little king? <i>(a blindfold blocks your vision and your hands are tied)</i>;;;;;;;>;;;;;;;>;
conspiracy;_;79;diplomat>dark;;;;Good, now listen carefully. I am called the Senator and I...;;<i>You hear a loud noise, someone pulls you up and shouts</i> RUN NOW;;;;;>_madrun and nb_madrun+++;<i>Don't say anything</i>;<i>You hear a loud noise, someone pulls you up and shouts</i> RUN NOW;;;;;>_madrun and nb_madrun+++;
conspiracy;_madrun;80;diplomat>dark;;3;10;<i>You run madly in the dark.</i>;<i>Run left</i>;;;;;;>_madrun;<i>Run right</i>;;;;;;>_madrun;
conspiracy;_madrun;81;lady>dark;;3;10;This way! This way!;<i>Follow the voice</i>;;;;;;>_madrun and nb_madrun-;<i>Run right</i>;;;;;;>_madrun and nb_madrun+;
conspiracy;_madrun;82;diplomat>dark;;3;10;<i>You're running over grass. Hopefully there are no trees around.</i>;<i>Run left</i>;;;;;;>_madrun;<i>Run right</i>;;;;;;>_madrun;
conspiracy;_madrun;83;lady>dark;;3;10;Not that way! Go on the right!;<i>Run left</i>;;;;;;>_madrun;<i>Run right</i>;;;;;;>_madrun and nb_madrun-;
conspiracy;_madrun;84;diplomat>dark;;3;10;<i>You hear water flowing in the distance.</i>;<i>Carry on</i>;;;;;;>_madrun and nb_madrun+;<i>Run right</i>;;;;;;>_madrun;
conspiracy;_madrun;85;diplomat>dark;;3;10;<i>It seems there's a river close by.</i>;<i>Run left</i>;;;;;;>_madrun and nb_madrun-;<i>Carry on</i>;;;;;;>_madrun and nb_madrun+;
conspiracy;_madrun;86;diplomat>dark;;3;10;<i>You hear people shouting to your left.</i>;<i>Run left</i>;;;;;;>_madrun and nb_madrun+;<i>Run right</i>;;;;;;>_madrun;
conspiracy;_madrun;87;end>dead_king_drown;nb_madrun>4;3;40;<i>You fall into cold water violently. Panicked, you try to escape the tide, in vain.</i>;;;;;;;;;;;;;;;
conspiracy;_madrun;88;lady>dark;!nb_madrun;3;40;Here! You can stop now!;<i>Stop</i>;;;;;;>;<i>Carry on</i>;;;;;;>_madrun and nb_madrun++++;
conspiracy;_;89;lady;;;;It is me, <lady>. Shussh, they're coming.;<i>Look behind</i>;<i>You're lying behind a large tree stump. Men with torches pass by without noticing you.</i>;;;;;>;<i>Don't move</i>;<i><lady> is dishevelled and panting. You hear people running by, but no one stops.</i>;;;;;>;
conspiracy;_;90;lady;;;;We're safe my Lord. We should go back to the castle.;Thank you;;;;;;>;What happened?;;;;;;>;
conspiracy;_;91;lady;;;;I followed you on your way out of the castle, saw what <diplomat> did to you.;You were so courageous;;50;50;50;50;del_diplomat and isLover and >>>>_senatorrevealed;Thank you;;50;50;50;50;del_diplomat and >;
conspiracy;_;92;lady;;;;Don't thank me. I would have done anything for you.;<i>Take her in you arms</i>;;;;;;isLover and >>>>_senatorrevealed;Again, thank you;;;;;;isLover and >>>>_senatorrevealed;
conspiracy;_senatorrevealed;93;lady;;;;My Lord, three years have passed since our little adventure. And still we don't have much time.;;;;;;;>;;;;;;;;
conspiracy;_;94;lady;;;;You can't say 'no' to me, one of the effects of the love curse you're under.;;;;;;;>;;;;;;;;
conspiracy;_;95;lady;;;;You know it has nothing to do with love? I'm sorry but I needed you to listen, and understand.;;;;;;;>;;;;;;;;
conspiracy;_;96;lady;;;;This curse, and everything that's happening to you is a masquerade organized by the devil.;;;;;;;>;;;;;;;;
conspiracy;_;97;lady;;;;I am the one you call the Senator.;;;;;;;>;;;;;;;;
conspiracy;_;98;lady;;;;I spent years scheming just to be able to talk to you now, while the devil is busy correcting the mess I made.;;;;;;;>;;;;;;;;
conspiracy;_;99;lady;;;;Listen carefully. There is only one way for you to trick the devil.;;;;;;;>;;;;;;;;
conspiracy;_;100;lady;;;;Make him fulfil an impossible task. Something that cannot happen however hard he tries.;;;;;;;>;;;;;;;;
conspiracy;_;101;lady;;;;I have to go <i>(shushing you)</i>. We will pretend this talk never happened. ;;;;;;;!isLover and !conspiracy_keep and isSenator;;;;;;;!isLover and !conspiracy_keep and isSenator;
crusade;rabbit;102;priest;demography>50 and !crusade_keep;100;10;Your peasants are breeding like rabbits, the Kingdom is infested by poverty. Please consider the problem.;;;15?;;;;add_monk and >_crusade;;;;;5?;;;
crusade;_crusade;103;monk;;;;We should send all the males on a Holy crusade to the Far-East. Let them die for the Holy Grail!;;;10;20?;-30;-15;crusade_keep and !spice_trade_keep;;;-20?;;5?;;;
crusade;crusade_alt;104;merchant;money<50 and !crusade_keep;100;10;My Lord, our commercial relations with the East are deteriorating quickly. They're far richer than we are!;What are the options?;;;;;;>;I don't want to hear about that;;;;;-15;;
crusade;_crusade_alt;105;merchant;;;;What about a good crusade?;Sounds good;;10;20?;-30;-15;crusade_keep and !spice_trade_keep;;;-20?;;5?;;;
crusade;saintgraal;106;general;crusade_keep;60;15;We are going to need more gold to destroy all the impious my King!;;;5;10?;;-20;;;;-15;-20?;;;;
crusade;saintgraal1;107;general;crusade_keep;60;15;Should we burn Lamascus and kill all the population?;;;10?;5?;-10?;-5;;;;-5;-10;;;;
crusade;saintgraal2;108;monk;crusade_keep;60;15;Do you give approval to erect a basilica in Lamascus?;;;25?;;5;-25;;;;-10?;;;;;
crusade;saintgraal3;109;priest;crusade_keep;60;15;God told me that we should find the Holy Grail at any cost!;;;20;;-5;-20;;;;-10?;;10;;;
crusade;;110;homunculus;hopen_keep and crusade_keep and !strawberry_keep;80;20;Here in Lamascus lies the most well kept secret in the world.;I knew we had a good reason to come;;;;;;>;I'm not interested;;;;;;;
;_;111;homunculus;;;;I must say, all the crusade business was a bit over-kill, but since we're in the right place...;;;;;;;>_trackpledge;Well;;;;;;>_trackpledge;
;_trackpledge;112;homunculus;;;;Because you gave me the Frozen Blood, I give you...;The Grail?;;;;;;>;The Meaning of Life?;;;;;;>;
;_;113;homunculus;;;;No, not exactly.;I knew it didn't exist;;;;;;>;What then?;;;;;;>;
;_;114;homunculus;;;;I give you life.;What?;<i>The homunculus brings you to a strange machine full of wires and knobs, hidden under the palace of Lamascus.</i>;;;;;>;What?;<i>The homunculus reveals the position of a strange machine full of wires and knobs, hidden under the palace of Lamascus.</i>;;;;;>;
;_;115;homunculus;;;;This apparatus created me. It can help you recover any living thing. Do you know what you want to recreate?;;;;;;;>_makelife;;;;;;;;
;_makelife;116;homunculus;niceskel_keep;;max;I'm listening.;A strawberry plant!;;;;;;strawberry_keep;<i>Stay silent</i>;;;;;;;
;_makelife;117;homunculus;;;10;No you don't. Look very hard for something you need and meet me again in Lamascus.;;;;;;;;;;;;;;;
crusade;saintgraal4;118;diplomat;crusade_keep;60;15;An envoy of the Sultan would like to meet you in Lamascus.;;;-10;-5;5;;> and add_foreign_princess;;;10;5;;;;
crusade;hostage;119;foreign_princess;crusade_keep;60;9;This crusade has to stop. Take the treasure if you will, but remove your armies. You're going nowhere.;;<i><foreign_princess> handed over the keys to Lamascus' treasure and whispered, looking straight at you:</i> Choke on it.;-5;-5;15;40;!crusade_keep and isPeaceful;;;20;;-5;-10?;;
crusade;end_crusade;120;diplomat;crusade_keep;70;10;This crusade lasted too long. We're losing, we have to retreat now!;;;-15;-5;5;;!crusade_keep and isPeaceful;;;5;5;-30?;-15?;;
crusade;intifada;121;general;crusade_keep;10;15;All the impious of the Universe want to see you dead! Should we continue our crusade?;;;15;5;-10;-10;add_foreign_princess;Ugh... no?;;-30;-10;25?;;!crusade_keep and isPeaceful;
crusade;;122;foreign_princess;!crusade_keep and has_doctor and has_priest;300;30;I would like to share with you some of the astronomical wonders my people discovered.;;;-5?;5?;5?;;> and add_doctor;;;5?;;-5?;;;
;_;123;doctor;;;;This is very interesting, perfectly in line with the discoveries of Master Argos of Merep...;I...;;-5?;5?;10?;;>;We should...;;;;;;>;
;_;124;priest;;;;Blasphemy! The only truth is that the sun turns around us, God's creation! Blasphemy!;;;25?;;-10;-5?;;;;-25?;;15?;5?;;
crusade;;125;foreign_princess;!crusade_keep;200;13;I'm willing to stay in your court in order to help the understanding between our people.;;;-10?;5;5?;10?;;;;15;;;;del_foreign_princess;
death and accidents;_end_fire;126;end>dead_king_fire;;;;<i>You're sentenced to be burnt alive. Your name is erased from books and buildings.</i>;;;;;;;;;;;;;;;
death and accidents;_end_prison;127;end>dead_king_dungeon;;;;<i>You will languish in prison until people forget you ever existed.</i>;;;;;;;;;;;;;;;
death and accidents;_end_bed;128;end>dead_king_classic;;;;<i>You die in your bed a couple of days later. Some people mourn you.</i>;;;;;;;;;;;;;;;
death and accidents;_end_grand;129;end>dead_king_grand;;;;<i>In the end, you die, mourned by all your subjects. Your name is praised, your tomb becomes a shrine. </i>;;;;;;;;;;;;;;;
death and accidents;_end_gangrene;130;end>dead_king_gangrene;;;100;<i>You die alone, rotting away in your bed.</i> ;;;;;;;;;;;;;;;
death and accidents;paganism;131;anyone;spiritual=0;;1000000;The people are rebelling against the last vestiges of the Church. You have to escape!;What...;;;;;;>_end_paganism;What...;;;;;;>_end_paganism;
buildings;_end_paganism;132;priest;cathedral_keep;6;max;The cathedral will protect us against the mob my Lord. Join us in our prayers.;;;40;;;-10;inquisition;;;;;;;>;
death and accidents;_end_paganism;133;end>dead_king_paganist;;;100;<i>A pagan mob murdered you during your escape attempt.</i>;;;;;;;;;;;;;;;
death and accidents;heavenonearth;134;priest;spiritual=100;;1000000;The Pope's armies are taking control of our Holy country. This is Heaven on Earth!;What...;;;;;;>_end_heavenonearth;What...;;;;;;>_end_heavenonearth;
death and accidents;_end_heavenonearth;135;dungeon>door_wall_dark;!intheDungeon;reign;400;<i>They want to kill you! You run panicking into the depth of the castle, discovering places you never knew before.</i>;<i>Explore further</i>;;;;;;>_dungeon1 and intheDungeon and !spice_trade_keep;<i>Turn around</i>;;;;;;>;
death and accidents;_end_heavenonearth;136;end>dead_king_tearappart;;;100;<i>The Church decided you would make a great martyr. They tore you limb from limb.</i>;;;;;;;;;;;;;;;
death and accidents;invasion;137;anyone;military=0;;1000000;Invading armies are at our door! The army is too weak to do anything.;What...;;;;;;>_end_invasion and !nb_war_keep and !warSouth_keep and !warWest_keep and !warEast_keep and !warIslander_keep and !warViking_keep;What...;;;;;;>_end_invasion and !nb_war_keep and !warSouth_keep and !warWest_keep and !warEast_keep and !warIslander_keep and !warViking_keep;
buildings;_end_invasion;138;general;fortification_keep;6;max;The fortifications are repelling the enemy! They're gone, but we need to rally the population to repair the gates.;;;;40;-15;;;;;;20;;;!fortification_keep;
death and accidents;_end_invasion;139;end>dead_king_overdose;has_rival;;max;<i>You're poisoned by <rival>, your treacherous brother-in-law, who was working for the invaders all this time.</i>;;;;;;;;;;;;;;;
death and accidents;_end_invasion;140;end>dead_king_army;;;100;<i>You lead the last remnants of your army and die on the steps of the throne.</i>;;;;;;;;;;;;;;;
death and accidents;coup;141;general;military=100;;1000000;This is a coup! Surrender your power to me at once!;What...;;;;;;>_end_coup;What...;;;;;;>_end_coup;
;_end_coup;142;end>dead_king_hang;has_prince;;max;<i><general> is quickly overthrown by <prince> who, even more quickly, hangs you. Your own son.</i>;;;;;;;;;;;;;;;
;_end_coup;143;end>dead_king_decapitation;nb_murder>0;;max;<i>You're the final victim of the mysterious murderer of the dungeon.</i>;;;;;;;;;;;;;;;
death and accidents;_end_coup;144;end>dead_king_dungeon;;;100;<i>The army locks you up in the tallest tower of the castle where you will decay to rags and bones.</i>;;;;;;;;;;;;;;;
death and accidents;nodemo;145;anyone;demography=0;;1000000;Your people are famished and unrest is spreading.;What...;;;;;;>_end_nodemo;What...;;;;;;>_end_nodemo;
death and accidents;_end_nodemo;146;end>dead_king_gangrene;plague;6;max;<i>The plague has finally entered the castle where it is quite effective at wiping out a large part of the court, you included.</i>;;;;;;;;;;;;;;;
buildings;_end_nodemo;147;farmer;barn_keep;6;max;The barn will provide food! Please bring reinforcements or we will be overwhelmed by the most desperate!;;;;-15;40;;;;;;;20;;!barn_keep;
death and accidents;_end_nodemo;148;end>dead_king_torture;treasure>80;;max;<i>You're horribly tortured by the mob to reveal where you hide the treasure.</i>;;;;;;;;;;;;;;;
death and accidents;_end_nodemo;149;end>dead_king_bird;;;100;<i>The castle is ransacked, your court disperses and you're left with pigeons to rule over.</i>;;;;;;;;;;;;;;;
death and accidents;nocontrol;150;anyone;demography=100;;1000000;It's anarchy in the streets my Lord! A large mob is breaking into the castle!;What...;;;;;;>_end_nocontrol;What...;;;;;;>_end_nocontrol;
death and accidents;_end_nocontrol;151;nun;school_keep;30;400;Let me handle this. Most of the leaders have been through my school.;;<i><nun> chastises the leaders of the mob vehemently, emphasizing their lack of manners. Strangely, it works.</i>;;;-40;;;;;;;;;>;
death and accidents;_end_nocontrol;152;end>dead_king_classic;overall>40;;500;<i>Your reign ends there but no one harms you. You die many years later praised and well remembered.</i>;;;;;;;;;;;;;;;
death and accidents;_end_nocontrol;153;end>dead_king_window;;;100;<i>The mob is increasingly violent and has set fire to your apartments. You die jumping from the window.</i>;;;;;;;;;;;;;;;
entertainment;_end_nocontrol;154;jester;reddwarf_keep;;400;I can get us out of the castle safely, but of course we will have to play Red Dwarf for it!;You're nuts;;;;;;>_reddwarf_fall_death;;;;;;;!reddwarf_keep and >_end_nocontrol;
entertainment;_reddwarf_fall_death;155;jester>throw;;;;A royal head is at stake! Are you happy with that throw?;;<i><jester> slowly lifts the goblet, revealing two dice...</i>;;;;;>_playDeath;Re-roll;;;;;;>_reddwarf_fall_death;
entertainment;_playDeath;156;jester>won;;;10;Even! You won my Lord, you will live!;Thank you!;;;;-40;;;Not nuts, totally insane;;;;-40;;;
entertainment;_playDeath;157;jester>lost;!dice_keep;;10;Odd! I won and so we die. Let's carry on our game in hell.;Not nuts, insane;;;;;;!reddwarf_keep and >_end_nocontrol;No!;;;;;;;
death and accidents;toorich;158;anyone;treasure=100;;1000000;Your country is so rich! We're throwing a party to celebrate with the most expensive food money can buy!;What...;;;;;;>_end_toorich and isFat;What...;;;;;;>_end_toorich;
;_end_toorich;159;end>dead_king_love_machine;isLover;;1000;<i>You die in your bed from an embarrassing heart attack.</i>;;;;;;;;;;;;;;;
death and accidents;_end_toorich;160;end>dead_king_vomit;;300;100;<i>You eat so much that you end up choking. Everyone is drunk so your death is only noticed the following morning.</i>;;;;;;;;;;;;;;;
death and accidents;penniless;161;anyone;treasure=0;;1000000;Your country is ruined my Lord. Merchants and nobility own everything.;What...;;;;;;>_end_penniless;What...;;;;;;>_end_penniless;
buildings;_end_penniless;162;merchant;centralbank_keep;10;max;The central bank can provide the Crown with an exceptional loan. Of course, the central bank is now the treasury.;;;;;;40;!centralbank_keep;;;;;;;>_end_penniless;
death and accidents;_end_penniless;163;end>dead_king_dogs;overall<30;;100000;<i>You're tortured and your body is thrown to the dogs. Your name becomes an insult.</i>;;;;;;;;;;;;;;;
death and accidents;_end_penniless;164;end>dead_king_drown;military<20;;10000;<i>The new oligarchy forces you to exile. On the boat, a disgruntled soldier pushes you overboard. You drown quickly.</i>;;;;;;;;;;;;;;;
death and accidents;_end_penniless;165;end>dead_king_fire;spiritual<20;;1000;<i>The new oligarchy wanted to keep you as their straw man. But the Church condemned you to be burnt alive.</i>;;;;;;;;;;;;;;;
death and accidents;_end_penniless;166;end>dead_king_exil;;;10;<i>The new oligarchy forces you to exile.</i>;;;;;;;;;;;;;;;
death and accidents;_die_gangrene;167;doctor;;;10;My Lord, you're dying of gangrene... There's nothing I can do.;What...;;;;;;>_end_gangrene;What...;;;;;;>_end_gangrene;
death and accidents;_die_gangrene;168;doctor;;;10;My Lord... I will have to cut off your arm.;Do it;;5;5;5;-5;isOnearm;;;;;;;>_end_gangrene;
death and accidents;_die_gangrene;169;witch;;300;10;My King I sense decay inside you. You're going to die if I don't intervene.;;;-10;5;;-5;isOnearm;;;10;-5;;;>_end_gangrene;
death and accidents;dead_old_age;170;anyone;older and !dying;reign;10;My Lord... you're dying of old age. Your remaining time is limited...;I...;;;-5;;;dying;I...;;;-5;;;dying;
death and accidents;earthquake;171;anyone;;200;12;An earthquake destroyed a large part of the capital! The City Guard awaits your orders.;Save the victims;;;;5;-40;!barn_keep and !fortification_keep and !school_keep;Prevent pillaging;;;5;-40;10;!hospital_keep and !fortification_keep and !school_keep;
death and accidents;barnburn;172;farmer;barn_keep;30;10;Help! Help! The communal barn is on fire! Send the garrison!;;;;-15;;;;;;;;-10;-10;!barn_keep;
death and accidents;cold;173;anyone;!barn_keep;30;10;This is the coldest winter of the last 30 years. After the weak harvest, your people are starving.;Give our supplies;;;;10;-30;;I can't help!;;;;-40;;;
death and accidents;fire;174;anyone;;60;8;A great fire is destroying your castle my Lord.;Save the garrison!;;-10;;-10?;-30;;Save the treasury!;;-10;-30;-10;;;
;plaguestart;175;anyone;!plague;130;10;A ship has been quarantined. It may be the plague. Shall we quarantine the whole port?;;;;-10;5?;-20?;;;;;;-5?;5;>_plague;
death and accidents;_plague;176;anyone;!blackpredict;;10;No other ship has presented with the disease. We're safe!;Let's do business again;;;;;10?;;Keep an eye on that;;;;5?;-5?;;
death and accidents;_plague;177;anyone;;;10;It's the Black Death! We don't know what to do with all the corpses!;Burn the dead! Help the living!;;-10?;-10?;-5?;-20?;plague;Close the castle's gates;;-10?;-10?;-20?;;plague;
death and accidents;;178;anyone;demography<50 and military<50;160;10;The peasants are revolting! Large groups of people are ransacking the capital. Your army is overwhelmed.;Reinforce the army;;;30;-10?;-20?;!hospital_keep and !fortification_keep and !school_keep;Close the castle's gates;;-10?;-10;30?;;!barn_keep and !cathedral_keep and !school_keep;
;;179;doctor;school_keep;160;10;The school is an elaborate scheme to brain-wash a whole generation with religious idiocies. Stop it.;;;-15;;15?;;!school_keep;;;5;;-10?;;;
death and accidents;;180;anyone;hospital_keep;160;10;A group of fanatics have ransacked the hospital, pretending only God can heal them through your holy touch, My Lord.;Yes I can;;10?;-10?;5?;;!hospital_keep;No I can't;;-5?;5?;-10?;;!hospital_keep;
death and accidents;;181;anyone;demography<50;160;10;A group of villagers pretend they're assaulted by celestial beings. It's probably a trick to pay less tax.;;;;;-1?;;;I believe them;;;;15?;-10?;;
death and accidents;;182;witch;plague and hospital_keep and demography<40;40;50;The hospital will limit the advance of the plague. We need more staff and the help of the army to be effective!;;;;5;25?;-10;;;;;;10?;;;
death and accidents;;183;anyone;plague and demography>50;40;20;The plague outbreak is coming to an end!;Let's celebrate;;;;5?;-5;;Let's be careful;;5?;;15?;;;
death and accidents;terror;184;anyone;age>10 and !terrorism;400;15;There's been an explosion in the capital! We don't exactly know what happened. Shall we close the gates of the city?;;;;;;-15;terrorism;;;-5?;-5?;-5?;;terrorism;
;;185;general;terrorism;20;20;There's been another explosion! We need to be able to use the churches to help the victims!;;;-15?;5;;;;;;;-10?;-15?;;;
;;186;merchant;terrorism;20;20;There's been another explosion! This time in the merchants' district! Shall we reinforce security?;;;;15?;;-10;;;;;-15;;;;
;;187;anyone;terrorism;40;17;People are scared and now consider you responsible for the terrorist attacks. They want your head!;Call the army!;;;-10?;-10?;;;Let's keep calm;<i>The mob barely listened and started regrouping outside the castle.</i>;;-20?;100?;;;
;;188;farmer;terrorism;40;17;The population is scared by the terrorists! Please, suspend the payment of taxes this year.;;;-5;-5;5?;-10;;;;;;-15;;;
;;189;general;terrorism;100;17;Enforce the state of emergency! That's the only way to deal efficiently with these terrorists!;;;5?;40?;-10?;-5?;;;;;-20?;;;;
;;190;spy;terrorism;100;15;I know who the scorpions biting your back are. Do you want to learn more?;;;;;;-5?;>;;;;;;;;
;_;191;spy;;;;They're called the "Pure Brethren". They seceded from the Church because they think priests shouldn't wear hats.  ;That's ridiculous;;;;;;>;No way;;;;;;>;
;_;192;spy;;;;It sort of escalated from that point. Now they want to burn all the hats, as well as the people under them.;Well...;;;;;;add_priest and add_merchant and >;;;;;;;add_priest and add_merchant and >;
;_;193;priest;;;;I'm not giving up my hat. And it's called a mitre, thank you.;Yes you are;;-10?;;;;>;No you're not;;5?;;;;>;
;_headgear;194;merchant;;;;We will fight for our freedom, our families and our headgear!;;;;;;5?;>;;;;;;-5?;>;
;_;195;farmer;;;;I won't. Never. I'm scared and don't want to be involved in your politics.;;;;;5?;;>>>;;;;;-5?;;>>>;
;_;196;spy;;;;It seems the Pure Brethren evolved. They're now terrorizing the East because they're eating sausages.;Good riddance;;5?;5?;5?;10?;!terrorism;Send some help;;10?;10?;10?;-5;!terrorism;
death and accidents;;197;anyone;!hospital_keep;150;10;There's a cholera outbreak in the capital! It's the Blue Death!;Treat the population;;-5;-5;-5;-20;;Close the castle's gates;;-5;-10?;-40?;;;
death and accidents;dying;198;ghost;dying;reign;40;You're dying my young friend. Dying of old age, what an achievement!;I...;;;;;;>_end_grand;I...;;;;;;>_end_grand;
death and accidents;deaf;199;dungeon>dark;older and !isDeaf;40;8;<i>You wake up in the middle of the night, feeling the years bending your back. You are old and tired.</i>;<i>Stay awake</i>;;;;;;isDeaf;<i>Go back to sleep</i>;;;;;;isDeaf;
;;200;anyone;older;100;10;My Lord! You seem to breathe with a lot of difficulty. Are you all right?;;;;;;;>>>>deaf;;;;;;;>>>>pneumonia;
death and accidents;pneumonia;201;doctor;older;reign;15;My Lord... you're dying of pneumonia...;I...;;;;;;dying;I...;;;;;;dying;
diplomacy and war;bird;202;bird;!warIslander_keep;80;8;<i>The message says: Islanders are menacing us. We should attack them before they attack us.</i>;;;;-15;;-5;warIslander_keep and nb_war_keep+;;;;;-10;-10;warIslander_keep and nb_war_keep+;
diplomacy and war;;203;diplomat;has_jester;300;10;Our flag should be changed, it's really not fashionable.;What are the options?;;;;;;>_chooseflag;;;;;;;;
diplomacy and war;_chooseflag;204;priest;;5;10;A red cross on a golden field?;;;20;-5;-5;;;Something else?;;;;;;>_chooseflag;
diplomacy and war;_chooseflag;205;general;;5;10;An orange cannon on a green canvas?;;;-5;20;-5;;;Something else?;;;;;;>_chooseflag;
diplomacy and war;_chooseflag;206;farmer;;5;10;A brown spade on a grey sky?;;;-5;-5;20;;;Something else?;;;;;;>_chooseflag;
diplomacy and war;_chooseflag;207;jester;;;1;What about a blue pig with a purple crown?;;;-5;-5;-5;;;Enough!;;;;;;;
diplomacy and war;;208;diplomat;!nb_war_keep and !embassies_keep;80;15;Should we build embassies in neighbouring countries? It may be a good way to prevent wars.;;;;5;10;-15;embassies_keep;;;;;-5;;;
diplomacy and war;library;209;diplomat;!library and !warSouth_keep;100;8;The Queen of the South is offering you forty books. We should build a library!;;;-10;5;20?;-10;library;;;5;-5;-5;;;
diplomacy and war;warwithsouth;210;general;!warSouth_keep;100;8;We should attack the kingdom of the South! They're growing stronger every day.;;;;-15?;;;;;;;;5;;warSouth_keep and nb_war_keep+;
diplomacy and war;recruit;211;general;;60;8;We can never be too prepared. You need to recruit more soldiers!;;;;20;-5?;-15;add_soldier;;;;-20;;;;
diplomacy and war;;212;diplomat;nb_war_keep>0 and embassies_keep;60;12;We may be able to find a way to stop the war thanks to the diplomatic effort from our embassies!;;;;-5;15?;;!nb_war_keep and !warSouth_keep and !warWest_keep and !warEast_keep and !warIslander_keep and !warViking_keep;;;;;-10?;-10?;;
diplomacy and war;superwedding;213;diplomat;nb_war_keep>0 and !has_queen;40;20;We could arrange your wedding with the Princess of the North. That would stop the war.;;;10;5;5;5;add_queen and !nb_war_keep and !warSouth_keep and !warWest_keep and !warEast_keep and !warIslander_keep and !warViking_keep;;;;;-10?;-10?;;
diplomacy and war;;214;diplomat;nb_war_keep>0 and embassies_keep;100;8;Our enemies are attacking our embassies! We need to protect them if we want to stop the war eventually.;;;;-10;;;;;;;;-5;;!embassies_keep;
diplomacy and war;attack;215;spy;!eastPower_keep and !has_barbare;50;8;A hungry reptile lurks in the East... You should send me to investigate...;;;;;;-10;>>>>;;;;-10;;;eastPower_keep;
diplomacy and war;_;216;spy;;;;An ambitious lizard is gathering the baronies to become a dragon and crush you.;<i>Send the army</i>;<i>You keep the Eastern baronies in a state of turmoil and unorganized power.</i> ;;-15;;;;<i>Ignore him</i>;;;;-5;;eastPower_keep;
diplomacy and war;;217;spy;year>850;80;9;I can draw red ants to the bed of the Eastern baronies. Your call.;;<i>You put the Eastern baronies in a state of turmoil and unorganized power.</i> ;;;;-5;>>> and !eastPower and isShrewd;;;;-10?;;;;
diplomacy and war;;218;anyone;!eastPower_keep;60;8;The Eastern baronies are regrouping under the banner of a terrible war lord! Send the army!;;;;-15;;;warEast_keep and eastPower_keep and nb_war_keep+;;;;;-30?;;eastPower_keep and >>>;
diplomacy and war;;219;anyone;eastPower_keep and !warWest_keep;60;9;The East and the South are coordinating an attack against the Kingdom! Should we ask the West for help?;;;;10;;-20?;warEast_keep and warSouth_keep and nb_war_keep++;;;;-10;-30?;;warEast_keep and warSouth_keep and nb_war_keep++;
diplomacy and war;;220;anyone;eastPower_keep;40;20;The Eastern baronies are attacking! We will only prevail by enlisting the population.;;;;10;-30;;!eastPower_keep;;;;-40?;;;;
diplomacy and war;barbarian;221;general;military<50 and !warEast_keep;80;12;We need better defences! The barbarians from the Eastern baronies are at the border of our Kingdom.;;;;20;;-10;;;;;-25;;;warEast_keep and nb_war_keep+;
diplomacy and war;;222;general;nb_war_keep>0 and military<40;40;13;We lost the war my King. We have to accept our enemies' conditions.;;;-10;-10;-10;-10;!nb_war_keep and !warSouth_keep and !warWest_keep and !warEast_keep and !warIslander_keep and !warViking_keep;;;;15?;-20;-15;;
;peacetreaty;223;diplomat;nb_war_keep>0;40;6;Our enemies want a peace treaty! This is the best way to end the war.;;;5?;5?;5?;5?;!nb_war_keep and !warSouth_keep and !warWest_keep and !warEast_keep and !warIslander_keep and !warViking_keep;;;;15?;-20;-15;;
diplomacy and war;;224;general;nb_war_keep>0 and military>55;40;12;Our army is strong and we're winning the war! Shall we force a peace treaty?;;;10?;10?;10?;10?;!nb_war_keep and !warSouth_keep and !warWest_keep and !warEast_keep and !warIslander_keep and !warViking_keep;;;;15?;-20;-15;;
diplomacy and war;;225;general;nb_war_keep>0 and military>70;40;40;We crushed the invading armies! The looting is excellent!;Bravo!;;5;30?;5;15;;No looting;;;-10;;;;
diplomacy and war;;226;diplomat;!warWest_keep and military<40;60;10;The King of the West has been informed of the state of our army and is now attacking us!;Mobilize and attack!;;;10?;-5?;-10?;warWest_keep and nb_war_keep+;Retreat and regroup!;;;10?;10?;;warWest_keep and nb_war_keep+;
diplomacy and war;;227;diplomat;!warSouth_keep and nb_war_keep>0;40;8;The Queen of the South would like to help us in our effort to repel the invading armies. ;;;-5;15;5;;;;;;-15?;;;;
diplomacy and war;;228;diplomat;!warWest_keep;200;8;The King of the West is offering us money to buy a small part of the country.;;;;;-20;15;;;;;;;-5;;
diplomacy and war;;229;diplomat;!warEast_keep and !eastPower;80;8;The Eastern baronies are at war again and their population is crossing our frontier as we speak.;Welcome them;;-5;-5;-5;20;;Close the frontier;;;20;;-10;;
diplomacy and war;;230;merchant;!crusade_keep and !nb_war_keep;70;10;Our country is at peace and business is good! You should keep the treasury full for harder times.;;;-5;-5;-5;20;;;;5;5;5;;;
diplomacy and war;battleviking_keep;231;general;!warViking_keep;70;8;The Vikings are attacking us! We should defend our kingdom from the North!;Attack!;;5;-10;-5?;-10;add_soldier and warViking_keep and nb_war_keep+;Defend!;;-5;5;;-5;add_soldier and warViking_keep and nb_war_keep+;
diplomacy and war;;232;merchant;nb_war_keep>1;40;12;We're at war with too many enemies, it costs a fortune. We should negotiate a cease fire.;;;;-20;10;10;!nb_war_keep and !warSouth_keep and !warWest_keep and !warEast_keep and !warIslander_keep and !warViking_keep;;;;;-10;-30;;
diplomacy and war;;233;anyone;nb_war_keep=1;40;8;The war is long and painful. Call for a cease fire!;;;;-20;10;10;!nb_war_keep and !warSouth_keep and !warWest_keep and !warEast_keep and !warIslander_keep and !warViking_keep;;;;;-10;-10;;
diplomacy and war;;234;spy;nb_war_keep>0;25;10;The boar you're at war with has a weakness. It's not really fair play, but would you like to take advantage of it?;;;;10?;;-5;;;;;-10?;;5?;;
diplomacy and war;sabotage_battle;235;general;nb_war_keep>0;30;8;All our catapults have been sabotaged! ;Find the traitors!;;-5?;-5?;;;;God will protect us!;;10?;-15;;;;
diplomacy and war;;236;anyone;nb_war_keep>0 and military<50;40;10;The invading armies are using trebuchets to destroy our fortifications!;Attack!;;;-20?;;;;Defend!;;;5?;-5;;!fortification_keep;
diplomacy and war;;237;general;warViking_keep and !warSouth_keep;50;8;The kingdom of the South is offering to join forces against the Vikings. I trust them.;;;;5;;;>>>>victory_viking;But I don't trust you;;;-20?;;;;
diplomacy and war;;238;anyone;!has_general and nb_war_keep>0;40;50;You need to recruit a new general or we will be overwhelmed.;;;;15;;-10;add_general;I will be the new general;;5;-20;;;;
diplomacy and war;victory_viking;239;soldier;warViking_keep;10;20;Victory! The Vikings are defeated! Should we exterminate all the prisoners?;No pity! ;;-5;10;-5;;!warViking_keep and nb_war_keep- and add_viking and >>>>_revengeViking;Let them go;;5;-10;5;5;nb_war_keep- and !warViking_keep;
diplomacy and war;expedition;240;explorator;!colonies_keep and !spice_trade_keep;200;25;I'm <explorator> and I think I found a new commercial route to the Orient by sea! Please, finance my expedition.;;;-5;5;10;-15;>>>>>_returnexplorator_keep;;;;-5;-5;;;
diplomacy and war;_returnexplorator_keep;241;explorator;;;12;I haven't found the route to the Orient yet, but I won't give up that easily!;;;;;;-5;>>>>>>>_returnexplorator_keep;Without my help;;;;;;;
diplomacy and war;_returnexplorator_keep;242;explorator;;;8;I found a new world! It has trees of gold, rivers of silver and mountains of diamonds. And some uncivilized savages.;Let's establish colonies;;10;-5?;20?;10;colonies_keep;Let's plunder it;;-5?;20?;-5?;30;;
diplomacy and war;;243;priest;colonies_keep;170;30;These savages are pristine pages to write the name of God upon. We will educate them.;;;15;;;-5?;;;;-5?;;5?;10;;
diplomacy and war;;244;general;colonies_keep;170;30;Our colonies will provide excellent troops for next to nothing!;;;;20?;-5?;;;;;;-10?;;;;
diplomacy and war;;245;priest;colonies_keep;120;20;The colonies have started an uprise. Those savages want democracy, elections and fair trial!;Save the settlers;;5?;;5?;-20?;!colonies_keep;Save the money;;-5?;;-20?;5?;!colonies_keep;
diplomacy and war;;246;bird;;500;10;Tweet! <i>It seems the bird was carrying a message but it's not there anymore.</i>;<i>Look on the window sill</i>;<i>You find a torn paper with a partial message: "ARM...".</i>;;;;;>;<i>Look under the throne</i>;<i>You find a lot of garbage, but no message.</i>;;;;;>;
diplomacy and war;_;247;general;;;;This message must be important. Let me send some men to the borders.;;;;5?;-5?;-5?;;;<i>It was an important message.</i>;-10?;-70?;-10?;-10?;;
diplomacy and war;_revengeViking;248;viking;;;;I curse you for the massacre of my soldiers!;How dare you!;;-20?-1;-20?-1;-20?-1;-20?1;;You're my slave now;;-20?-1;-20?-1;-20?-1;-20?1;;
economy;trade_herectics;249;monk;has_merchant;60;10;The Merchants' Guild is selling goods traditionally produced by the Abbey. Put an end to this.;;;15?;;;-30?;>_merchant_react;;;-5?;;;5;;
economy;intro_merchant;250;merchant;;del;40;My Lord, I'm <merchant>, the Merchants' Guild master. Please accept a token of our gratitude.;;;;;;10;;I take no bribe;;5?;;5?;;;
economy;_merchant_react;251;merchant;;;;My Lord, you can't stop the trade! Please reconsider, even if it means paying a new tax.;;;-5?;;;10?;;;;;;;-15?;;
economy;spice_trade;252;merchant;!spice_trade_keep and !crusade_keep and dynasty>2 and !isSlaver;80;10;We should trade with the Orient... We can offer the crown 10% of all profits made.;;;-10?;;5?;15;spice_trade_keep;;;10?;;;;>;
economy;_spice_trade2;253;merchant;;;;Your Highness is tough. What about 20% ?;;;-20?;;;30;spice_trade_keep;;;5?;;;-10;;
economy;spice2;254;merchant;spice_trade_keep;30;10;The Guild would like to give you 50% of the opium trade profit, in exchange for the ability to raise an army.;;;-10?;-30?;-5?;40;;That's far too generous...;;5?;5?;5?;-10?;;
economy;end_spice;255;merchant;spice_trade_keep;30;15;Bandits are terrorizing caravans on the silk road. We should send an armed troop.;;;;-15?;;;;;;;;;-25?;!spice_trade_keep;
economy;end_spice;256;merchant;spice_trade_keep;30;10;A diplomatic incident suspended trade on the silk road. Help us keep the trade flowing.;;;;-10;;;;;;5;;;-15;!spice_trade_keep;
economy;trust;257;merchant;no_merchant>1;30;25;You keep ignoring my advice. Do you trust me My Lord?;;;-5?;-5?;-5?;15;;;;;;;-25?;;
economy;poorcondition;258;merchant;overall<40 and !has_parker;100;12;Your Kingdom is poor and weak. A benevolent friend of mine would like to offer some help. For free.;;;20?;20?;20?;20?;;;;-1;-1;-1;-1;;
economy;;259;merchant;year>1100 and overall<48 and !has_parker;400;40;My benevolent friend would like to meet you. He brings gifts.;;;20?;20?;20?;20?;>_parkstart and add_parker;;;-1;-1;-1;-1;>;
economy;_;260;merchant;;;;Ahem, you can't really say no to him.... he will tell you himself.;;;;;;;>;;;;;;;>;
economy;_parkstart;261;parker;;;;How are you today Your Nerdiness? I hope you enjoyed my small contributions?;;;;;;;>;;;;;;;>;
economy;_;262;parker;;;;It doesn't matter anyway Fancy Pants. I made a hundred times that in the Royal Bet.;The Royal Bet?;;;;;;>;I don't understand;;;;;;>;
economy;_;263;parker;;;;You didn't know? Half your Kingdom is betting on how long you will survive. The other half is just starving.;What?;;;;;;>;;;;;;;>;
economy;_;264;parker;;;;I happen to be the genius organizing the game. My little gifts are just a way to sharpen the odds.;I'm speechless;;;;;;>;You're a crook;;;;;;>;
economy;_;265;parker;;;;Tut-tut-tut... don't thank me, it's quite natural. Here, have more.;;;5?;5?;5?;5?;;;;;;;;;
economy;;266;parker;;100;10;I convinced the Church to invest in child labor. You want in?;;;15?;;-20?;5;;;;-5;;?10;;;
economy;;267;parker;;100;10;I need a small army of badass soldiers for a classy coup in the Far East.;;;;-15?;;10?;;;;5?;;;;;
economy;;268;parker;hospital_keep;100;10;One of my wild lady friends needs some blood for a party. This hospital of yours can provide that.;;;-15?;;;10;;;;5?;;;;;
economy;tools;269;merchant;!has_foreign_princess;360;14;A foreign merchant is selling new farming tools. We should copy his wares.;;;;;;-10?;;;;;;;10;add_foreign_princess and >;
economy;_farming;270;merchant;;300;;You're making a mistake. Now the merchant has asked to meet you.;;;;;;;>_intro_fp_trade and no_merchant++;;;;;;;;
economy;_intro_fp_trade;271;foreign_princess;;;;Surprised to meet a business woman? In my country, women are not vacuous slugs like the ones in your court.;Welcome!;;-5;;;15?;;Please stay away...;;5?;;;-10?;del_foreign_princess;
economy;trade;272;anyone;!has_merchant;70;18;The merchants would like to create a new Guild and send their representative to the court.;;;-5?;-5?;-5?;15?;add_merchant;;;;;;-15?;;
economy;credit;273;nobleman;treasure>45 and treasure<60;40;10;Do you need some credit My Lord? 2000 gold pieces at 5% interest.;;;;;;10;>>>>_interests;;;;;;;;
economy;credit2;274;nobleman;treasure<45;40;10;Do you need some credit My Lord? 8000 gold pieces at 5% interest.;;;;;;40;>>>>_interests_2;;;;;;;;
economy;_interests;275;nobleman;;5;300;My Lord, it's time to pay your debt.;;;;;;-12;;You are dead!;;-15?;-15?;-15?;;del_nobleman;
economy;_interests_2;276;nobleman;;5;300;My Lord, it's time to pay your debt.;;;;;;-48;;You are dead!;;-15?;-15?;-15?;;del_nobleman;
entertainment;hunt;277;nobleman;;60;6;My Lord, would you like to hunt some wild pigs?;;;;;;;>_hunt_outcome;;;;;;;;
entertainment;_hunt_outcome;278;nobleman;;5;30;The hunt was a success! We should have a very fine banquet tonight!;;;5?;5?;;5?;;Give the food to the people;;-2?;-2?;15;-2?;;
entertainment;_hunt_outcome;279;nobleman;!isStone;5;10;Disappointing this hunt. We only found mushrooms, a brown one and a blue one.;Give me the blue one;;;;;;isStone;Give me the brown one;<i>Nothing happens.</i>;;;;;;
entertainment;_hunt_outcome;280;anyone;;5;10;You have suffered a terrible accident during the hunt! You're bleeding so much!;Get a doctor!;;-5?;-5?;-5?;-10?;add_doctor and >_die_gangrene;Let me rest;;-100;-100;-100;-100;>_end_bed;
entertainment;fun;281;courtesan;age=7;70;200;This is your 20th birthday My Lord. We should celebrate!;;;5;5;5;-15?;;;;-5;-5;-5?;;;
entertainment;;282;jester;;200;10;If you were an animal, what would it be? A lion?;;;;6?;;;>>>_jesterlion;;;;;;;>;
entertainment;_;283;jester;;;;A scorpion?;;;6?;;;;>>>_jesterscorp;;;;;;;>;
entertainment;_;284;jester;;;;A gazelle?;;;;;6?;;>>>_jestergaz;;;;;;;;
entertainment;_jesterlion;285;anyone;has_jester;;;My Lord, <jester> managed to set a lion loose in the streets of the capital. It's pandemonium!;Send the army;;;-15;;;;Close the castle's gates;;;-5;-15;;;
entertainment;_jesterscorp;286;anyone;has_jester;;;My Lord, <jester> released a scorpion in the castle. <monk> has been stung. He's dying.;Throw the jester out;;;;;;del_jester;Keep it quiet;;-10?;;;;;
entertainment;_jestergaz;287;anyone;has_jester;;;<jester> brought a gazelle to the capital. People love it! We should build a zoo.;;;;;12?;;;;;;;-4?;;;
entertainment;song;288;jester;;80;5;I would like to sing a song for your Majesty. It's called "The fool and its Majesty";;;;;;;>;;;5;;;;;
entertainment;_song1;289;jester;;;;It was a long time ago, a poor fool was singing alone a sad, a very sad song...;Carry on;;;;;;>;Stop here;;;;;;;
entertainment;_song2;290;jester;;;;He had a majestic pet as a companion, a very dark and ugly beast...;Carry on;;;;;;>;Guard!! seize the jester;;;;;;del_jester;
entertainment;_song3;291;jester;;;;But nice and clean and with a constantly wagging tail.;Thank you;;;;10;;;It was a very ugly song;;10;;;;;
entertainment;party;292;queen;;60;10;My love, I would like to organize a tournoi!;;;;10?;5?;-20;;Only over my dead body;;;-5;-5;;;
entertainment;;293;queen;!has_lady and !isLover;100;12;Let's organize a grand dinner with my visiting cousin. She's lovely!;;;;;5;-10;add_lady and >lady_intro;;;;;-5?;;;
entertainment;_reddwarf_fall;296;jester;treasure=0;;max;You're trying to trick me! I know the treasury is empty.;I make the money;;;;;;>_play5;;;;;;;>_play5;
entertainment;_reddwarf_fall2;298;jester;treasure=0;;max;You're trying to trick me! I know the treasury is empty.;I make the money;;;;;;>_play15;;;;;;;>_play15;
entertainment;_reddwarf_fall3;300;jester;treasure=0;;max;You're trying to trick me! I know the treasury is empty.;I make the money;<i><jester> slowly lifts the goblet, revealing two dice...</i>;;;;;>_play35;;;;;;;;
entertainment;reddwarf;294;jester;;50;8;Would you like to play Red Dwarf My Lord? Let's start with a small bet, I don't want to ruin you.;;;;;;-5;>_reddwarf_fall and reddwarf_keep;;;;;;;;
entertainment;_reddwarf_fall;295;jester>throw;;;10;Dice are rolling! I'm pretty sure I won. You don't want to raise the stakes while we still can?;Show me!;<i><jester> slowly lifts the goblet, revealing two dice...</i>;;;;;>_play5;I raise you!;;;;;-10;>_reddwarf_fall2;
entertainment;_reddwarf_fall2;297;jester>throw;;;10;C'mon. I know you can do better.;Show me!;<i><jester> slowly lifts the goblet, revealing two dice...</i>;;;;;>_play15;I raise you!;;;;;-20;>_reddwarf_fall3;
entertainment;_reddwarf_fall3;299;jester>throw;;;10;You have to bet the treasure!;Show me!;<i><jester> slowly lifts the goblet, revealing two dice...</i>;;;;;>_play35;I raise you!;<i><jester> slowly lifts the goblet, revealing two dice...</i>;;;;-40;>_play75;
entertainment;_play5;301;jester>won;;;10;Even! You won my Lord, but that's just beginner's luck. I bet you can't do that again.;Try me...;;;;;5;>_reddwarf_fall;;;;;;10;;
entertainment;_play5;302;jester>lost;!dice_keep;;10;Odd! I won, I won, I won! Do you care to play again?;;;;;;-5;>_reddwarf_fall;;;;;;;;
entertainment;_play15;303;jester>won;;;10;Even! It's not fair. You won. I need the money back!;Let's try again...;;;;;15;>_reddwarf_fall2;;;;;;30;;
entertainment;_play15;304;jester>lost;!dice_keep;;10;Odd! I won. I'm so good at this game. Do you care to play again?;;;;;;-5;>_reddwarf_fall;;;;;;;;
entertainment;_play35;305;jester>won;;;10;Even! You won. Let's try again. But no cheating this time!;;;;;;35;>_reddwarf_fall3;;;;;;70;;
entertainment;_play35;306;jester>lost;!dice_keep;;10;Odd! I won again! Soon I will own this castle, I'm sure. Another game?;;;;;;-5;>_reddwarf_fall;;;;;;;;
entertainment;_play75;307;jester>won;;;10;Even! You won my Lord, but this luck is going to kill you.;;;;;;100;;;;;;;100;;
entertainment;_play75;308;jester>lost;!dice_keep;;10;Odd! You're now working for me!;What...;;;;;;;What...;;;;;;;
entertainement;;309;jester;;300;10;I have a gift for you in one of my hands.;Left!;<i><jester> gives you a dead bird. Then he runs away, shrieking.</i>;;-5?;;-5?;del_bird;Right!;<i><jester> gives you a golden cross. Then he runs away, shrieking.</i>;-5?;;;5?;>;
entertainement;_gift1;310;monk;;;;This bloody jester stole our cross. But... what is this in your hand?;Take it back;;10;;;-5?;;State property;;-15;;;;;
;;311;priest;year>900;300;12;I discovered a young genius painter. His works are a true sign of the divine in this world.;Bring him in;;10;;;-5?;add_painter and >;I'm busy;;-5;;-5;;;
;;312;painter;;del;40;My name is <painter>. I will change the world with my art and your money.;;;5?;5?;5?;-15?;;;;-10?;;;;;
entertainment;;313;painter;;160;8;I would like to paint your portrait my Lord!;;;;;5;-5?;;;;;;-5;;;
entertainment;;314;painter;;200;10;I want to do a moving painting of you, Sire.;A moving painting?;;;;5?;;>;;;;;;;;
entertainment;_;315;painter;;;;I will paint your picture over your own body. It's modern art.;;;-10?;;10?;-10;;;;;;;;;
entertainment;;316;painter;;200;10;I would like to adorn the basilica with a grand fresco full of powerful allegories of your royal virtues.;;;5;10?;5;-20?;;;;-5;-5;;;;
entertainment;;317;painter;!isLover;120;8;I've had enough of work for the day. What about a bit of sport My Lord?;En garde!;;;5?;;;>_duel_painter;;;;;;;;
entertainment;_duel_painter;318;painter;duel_won;;10;You're good at this game, My Lord! Do you want another round?;Why not?;;;;;;;;;;;;;;
entertainment;_duel_painter;319;painter;!duel_won;;10;Oh, My Lord. You have touched my heart.;And you mine;;;;;;isLover;And you're touching my hand;;;;;;;
entertainment;;320;general;has_jester;140;8;Could we dismember <jester>? Please? This clown broke down a trebuchet.;<jester>!;;;;;;>;Not so fast;;;-10;;;>;
entertainment;_;321;jester;;;;I was playing tennis with a giant. He won.;Go away!;;;;-5;;del_jester;Pay the army;;;10;;-5;;
entertainement;;322;jester;!spin_keep;500;20;You're governing like a loser.;Pardon me?;;;;;;>_springjest;Guuuuard!;;10?;5?;;;>;
entertainement;_;323;jester;;;;No wait, just hear me out for a while.;;;;;;;>;Guuuuard!;<i><jester> was executed shortly afterwards.</i>;;;;;del_jester;
entertainement;_springjest;324;jester;;;;The best show you're providing your people with is that stupid Spring festival.;I like that;;5?;5?;5?;;>;It's not bad;;;;;;>;
entertainement;_;325;jester;;;;Yeah, let's just dance like ducks while a moron martyrizes the lute. SOOO Dark Ages, it's embarrassing.;I...;;;;;;>;We...;;;;;;>;
entertainement;_;326;jester;;;;People want drama, action, love stories with mature content! You have to en-ter-tain them.;;;;;;;>;;;;;;;>;
entertainement;_;327;jester;;;;So, I have appointed myself Chief Entertainment Officer. It's all right, don't thank me.;Ok;;-10?;;5?;?5;spin_keep;If I say no?;;;;;;>;
entertainement;_;328;jester;;;;I'm leaving and you will be able to dance at the Spring festival as much as you want.;Ok then;;-10?;;5?;?5;spin_keep;Go away;;;;;;del_jester;
entertainement;;329;jester;spin_keep;150;10;We should reach out to our audience, show that we care. The executions are boring. Add fireworks and silly games.;;;;-5?;5;;>;;;;5;-5;;;
entertainement;_;330;executioner;;;;Let's pretend I didn't hear that.;;;;;;;;;;;;;;;
entertainement;;331;jester;spin_keep;150;10;People want to watch you waking up and going to the bathroom. They will pay for the privilege.;Really?;;-5?;-5?;15?;10?;;;;;;-5?;-5?;;
entertainement;;332;jester;spin_keep and !isLover;150;10;You should have an affair with <courtesan>. The polls are unanimous.;;;;;10?;;>;;;;;-5?;;;
entertainement;_;333;courtesan;;;;My Lord? As long as we don't kiss, I can do anything.;;;;;10?;-5?;isLover;;;;;;;;
entertainement;;334;jester;spin_keep and !warWest_keep;150;10;I think we should attack the kingdom of the West. A nice fashionable war.;;;;-15;;-10?;nb_war_keep+ and warWest_keep;;;;;5;;;
entertainement;;335;jester;spin_keep;150;10;I know you're totally ignorant about the economy. But would you mind making an inspired talk in front of the Merchants?;;;5?;5?;5?;-5?;;;;;;;;;
entertainement;;336;jester;spin_keep;150;10;We should systematically blame the Islander migrants for everything that's wrong in the Kingdom.;;;5?;5?;5?;?-15;;;;;;;5?;;
entertainement;ratereigns;337;jester;!rating_keep and year>800 and mobile_keep;del;0;My Lord! Show the world that you love your Kingdom and care for cute kittens.;<i>Rate Reigns</i>;;;;;;rating_keep;;;;;;;;
entertainement;ratereigns;338;parker;!rating_keep and mobile_keep;del;0;Hey, your Nerdiness! Did you give Reigns a good review? Let me help you with this hard decision.;<i>Rate Reigns</i>;;20;20;20;20;rating_keep;;;;;;;;
entertainement;;339;courtesan;age>10;80;5;My Lord... Would you like to taste my cake?;At your service;<i>It was a very good cake.</i>;;;5?;;>>>>>_toomuchsugar;Too hot for that;;;;-5;;;
entertainement;;340;courtesan;age>10;80;5;This cake will give you a taste of paradise My Lord.;;;;;5?;;>>>>>_toomuchsugar;And stomach cramps;;;;-5?;;;
entertainement;_toomuchsugar;341;doctor;;;;Too much sugar My Lord! It will kill you!;;;;;;;;It's a good way to die;;;;;;older;
entertainement;;342;courtesan;nb_war_keep>0;90;10;Shall we go together to the Spring festival? I could invite some of my pretty friends to entertain your foreign visitors.;;;-10?;5?;5?;-10;>>>peacetreaty;;;5;;;;;
entertainement;minstrel_add;343;nobleman;!has_minstrel;150;40;I'm acquainted with a minstrel of great renown. Let's fill the air with dulcet tones!;;<i>Perhaps this will raise the spirits of the Kingdom...</i>;5;5;5;-10;add_minstrel;;<i>You decide the court's wealth is better spent on other matters.</i>;-5;-5;-5;;;
entertainement;minstrel_displeased;344;minstrel;no_minstrel>1;50;20;My art is not to your liking, I can tell. I'm leaving for the kingdom of the West. They have better taste!;Good riddance;<i>You have the merchant sell the minstrel's works. There shan't be another note played.</i>;-5?;-5?;-5?;20;del_minstrel;Please stay...;;;;;-6;;
entertainement;minstrel_write;345;minstrel;;60;10;Greetings, Your Majesty. I wish to write a song for you. I may have a good idea...;What is it?;;;;;;>_minstrel_options;Not today;;-2?;-2?;-2?;;;
entertainement;_minstrel_options;346;minstrel;;10;10;A hymn, to honor the heavens?;;;;;;-10;>>>>>>_hymn_spiritual;Anything else?;;;;;;>_minstrel_options;
entertainement;_minstrel_options;347;minstrel;;10;10;A battle anthem, to rally our warriors?;;;;;;-10;>>>>>>_hymn_military;Anything else?;;;;;;>_minstrel_options;
entertainement;_minstrel_options;348;minstrel;;10;10;A folk song, to inspire our people to live another day!;;;;;;-10;>>>>>>_hymn_demography;Anything else?;;;;;;>_minstrel_options;
entertainement;_minstrel_options;349;minstrel;;10;7;My inner muse speaks to me. May I write freely, with your blessing?;;;;;;-10;>>>>>>_hymn_opus;Anything else?;;;;;;>_minstrel_options;
entertainement;_minstrel_options;350;minstrel;;10;2;I... <i>(sweating)</i> No, nothing. The muse ran away with my inspiration.;Next time maybe;;;;2?;-5?;;It's a costly muse;;;;-7?;-1?;;
entertainement;_hymn_spiritual;351;minstrel;;;;Sire, I present to you a work of most pious intention. How dost it strikest thine ears?;Polyphonic climax!;;15?;-5;;;;It strikes. And hurts!;;-10;5;5;;>_minstrel_displeased;
entertainement;_hymn_military;352;minstrel;;;;Sire, by your design I present, a battle anthem to strike fear in the hearts of our enemies!;Epic harmonies!;;-5;15?;-5;;;Their hearts or ours?;;5;-10;5;;>_minstrel_displeased;
entertainement;_hymn_demography;353;minstrel;;;;A story in song, for the folks! What do you think, My Lord?;A song for generations!;;-5;-5;15?;;;This is eerily familiar...;;5;5;-10;;>_minstrel_displeased;
entertainement;_hymn_opus;354;minstrel;;;;My Lord! It it is with great enthusiasm and trepidation I present to you... my Magnum Opus!;I have no words;<i>Money is a poor substitute, but you feel the minstrel has earned his fair share.</i>;10;10;10;-15?;;Musical Treason!;<i>The minstrel has many fans, and managed to escape on the way to the executioner.</i>;-5?;-5?;-5?;;del_minstrel;
entertainement;_minstrel_displeased;355;minstrel;;;;I am deeply sorry to have disturbed your musical expectations, My Lord. Me and my muse won't bother you again.;Good riddance;<i>The minstrel's mediocre songs are put to the test against your enemies...</i>;-5?;10?;-5?;;del_minstrel;Please stay...;;;;;-6?;del_minstrel;
family and personal;divorce;356;diplomat;has_queen and isLover;100;25;Would you like to divorce your wife? We may have to change the religion to do this.;;;-20;5;5;;del_queen;;;5;;;;;
family and personal;wedding;357;diplomat;!has_queen and age<25;40;18;Would you like to marry the young princess of a neighbouring kingdom?;;;10;10;10;10;add_queen;;; -20?;-10;;-10;;
family and personal;betrothed;358;diplomat;!has_queen and age<18;20;16;The kingdom of the South claims that you're betrothed to their young princess. Declining may trigger a war.;;;10;5;5;10;add_queen;;;;;-10?;;>>>>warwithsouth;
family and personal;wedding2;359;diplomat;!has_queen and age<30;230;8;We heard about a young princess being held against her will in Dark Rock castle.;My horse!;<i>You ride to Dark Rock in full armour, proud, glorious and glittering.</i>;3;3;3;;>;It's obviously a trap;;;;-5;;;
family and personal;_darkrock;360;dragon;;;;<i>Breathing fire...</i> Are you the King? Are you here for the damsel?;;;;;;;>;;;;;;;>_darkrockalt;
family and personal;_darkrock2;361;dragon;;;;Oh good... There, take her.;I will kill you first;;;;;;>;But...;;;;;;>;
family and personal;_darkrock3;362;dragon;;;;Nobody is killing anyone. You're here for the girl, here she is. End of story.;Ok...;;;;;;>_darkrockcourt;No!;;-100?;-100?;-100?;-100?;>_end_dragon;
family and personal;_darkrockalt;363;dragon;;;;Why not? She's a pretty girl you know. ;But...;;;;;;>_darkrock2;But...;;;;;;>_darkrock2;
family and personal;_darkrockcourt;364;courtesan;;;;My hero! ;;;;;;;>;;;;;;;>;
family and personal;_wedding3;365;diplomat;;;;Are you back Sire? Did you enjoy our little entertainment? The dragon was not cheap!;;;;;;-8;;Who paid?;;;;;-8;;
family and personal;afterwedding;366;diplomat;has_queen;reign;14;<queen> is loved by the people and the army. Give her more power!;;;;8;8;;;;;;-6;-6;5;;
family and personal;afterwedding;367;queen;age=25;reign;300;My Lord, we should appear at the castle's window, the people are eager to see us together.;;;;5?;10?;;;;;;-5?;-5?;;;
family and personal;ransom;368;queen;has_prince;reign;10;Our son has been kidnapped! I implore you, do something...;;;5;10;5;-15;;;;-5;-10?;-5?;;>_queen_quit and del_prince;
family and personal;bastard;369;diplomat;;100;8;Hum... <i>(whispering)</i> A young woman claims that her son is in fact your bastard. Should we make this problem disappear?;;<i>You never hear from the woman again.</i>;-5;5;-5;;;;<i>It quickly becomes apparent that the son is here to stay.</i>;;;5;-10;add_prince;
family and personal;pregnancy;370;queen;!pregnant and !has_prince and has_doctor;30;20;My King! I am with child! I will give you a son, as is my duty!;An heir! Finally!;;5?;5?;5?;;>_birth;I'm not that bothered;;-5;-5;;;>_birth;
family and personal;_birth;371;doctor;;;10;I'm happy to announce that you have a beautiful daughter My Lord!;Come here child...;;;-5;;;;I wanted a boy;;;5;;;;
family and personal;_birth;372;doctor;;;10;Your Queen is about to give birth but it's not going well. We can't save both her and the child...;Save the child;;10?;-5;-5;;del_queen and add_prince;Save the Queen;;;5?;5?;;!pregnant;
family and personal;_birth;373;anyone;;;10;<queen> has given birth to a beautiful and healthy son. Who shall be the godfather?;The priest;;20?;;5;;add_prince;The general;;;20?;5;;add_prince;
family and personal;newprince;374;anyone;has_prince;reign;16;My Lord, your son is a young prince full of promise!;Let him come in!;;;;;;>;;;;;;;;
family and personal;_introprince;375;prince;;10;;I'm the next King! I will kill all the infidels.;;;15;5;-10;;;Not so fast;;-10;;10;;;
family and personal;bed;376;monk;has_queen and has_general;140;5;This is outrageous!! <general> has been seen in the Queen's bed. Who do you want to execute?;The Queen;;-30;5;;;del_queen and murderer_queen;<general>;;5;-30;;;del_general;
family and personal;lady_vengeance;377;nobleman;murderer_queen;reign;10;You killed our beloved Queen! Die pig!;Guaaard!;;;;;;>_duel_nobleman;Noooo...;;;;;;>_duel_nobleman;
family and personal;_duel_nobleman;378;nobleman;duel_won;;;<nobleman> is falling on the floor, crying.;<i>Comfort him</i>;;;-10?;5?;;nb_duelwon_keep+;<i>Send him away</i>;;;5?;;;nb_duelwon_keep+ and del_nobleman;
family and personal;_duel_nobleman;379;end>dead_king_duel;!duel_won;;;<i>You feel your blood flowing out of a cruel wound.</i>;;;;;;;;;;;;;;;
family and personal;queen_dead;380;queen;;reign;3;My dear, I'm dying, I don't know why. Please, let me rest in my parent's tomb.;;;-5;-5;-5;-5;del_queen;;;-10?;-10?;-10?;;del_queen;
family and personal;chaude-pisse;381;doctor;isLover;reign;15;You've got the chaude-pisse My Lord! You should stop visiting <lover> at night.;;;5;5;-5;;!isLover;;;-10?;;;;;
family and personal;lady_intro;382;lady;has_queen and !isLover;100;16;Thank you for your hospitality dear Sire. I hope you don't mind me staying for a little while.;Your presence is a delight...;;-2;;5;;>>>>lady_1;The Queen seems to like you...;;;;;;;
family and personal;lady_1;383;lady;!isLover and has_queen;60;15;I'm going for a walk in the garden. Would you like to come my Lord?;My pleasure...;<i><lady> brings you to the garden. She seems unsettled and nervous. She talks softly.</i>;-2;;5;;>;I'm busy...;;;;;;;
family and personal;_lady_2;384;lady;;;;The Queen despises me, I'm sure! She talks behind my back and looks at me so strangely.;It may be my fault...;<i>You tell <lady> that you love her so profoundly it must be obvious to the Queen.</i>;-2;;5;;>;Don't worry...;;;;;;;
family and personal;_lady_3;385;lady;;;;Oh my Lord. What can I say?;Me too?;;-2;;5;;>;Nothing;<i><lady> looks at you with incredulity, then leaves.</i>;;;;;;
family and personal;_lady_4;386;lady;;;;No, I don't think so <i>(laughing)</i>. You will have to fight for me!;En garde!;;;;;;>_duel_lady;You mean, literally?;;;;;;>_duel_lady;
family and personal;_duel_lady;387;lady;!duel_won;;10;Are you all right? <i>(anxiously)</i> My Lord!;You care for me!;;;;;;isLover;I need a kiss;;;;;;isLover;
family and personal;_duel_lady;388;lady;duel_won;;10;You are a pompous oaf!;;;;5?;-5?;;nb_duelwon_keep+;;;;-5?;5?;;nb_duelwon_keep+;
family and personal;queen_lover;389;queen;isLover;reign;20;You've made a mistake and I will take advantage of it. Do you think I'm blind or stupid?;;;;;;;>;;;;;;;>_queen_stay;
family and personal;queen_quit;390;queen;no_queen>2;100;20;You're a worthless husband, a terrible king and a bad lover. I'm out of here.;You can't go...;<i>The Queen leaves with a part of your army and many curses.</i>;;-20?;;;del_queen;No, wait...;<i>The Queen leaves with a part of your army and many curses.</i>;;-20?;;;del_queen;
family and personal;_queen_stay;391;queen;;;;I don't even care about <lover>. Grant me the control of the City Guard and the Church estates.;;;-10;-15;;;;;;;;;;>queen_quit;
family and personal;lady_money;392;lady;isLover;reign;13;Did you consider running away with me? Go somewhere else, alone, together.;;;-10;-5;;;;;;;;;;;
family and personal;lady_bid;393;lady;isLover;reign;15;My Lord, the way the people are treated is inhuman! Show some consideration!;Certainly!;;;;20?;-15?;;;;;;;;;
family and personal;dog_1;394;bird;;100;3;Tweeeet!;Thank you;;;;;;;Who's in charge of this bird?;;;;;;;
family and personal;dog_2;395;bird;;100;3;Tweet! Tweet!;Thank you;;;;;;;Who's in charge of this bird?;;;;;;;
family and personal;dog_3;396;bird;;100;3;Grrrrrr;Thank you;;;;;;;Who's in charge of this bird?;;;;;;;
family and personal;;397;doctor;age>20;400;10;You've got gout my Lord. I recommend less meat, more vegetables and no love stories of any kind.;;;5?;5?;-10?;;>>>>;;;-10?;-10?;;;>>>>>>;
family and personal;_;398;doctor;;;;I'm pretty confident this concoction of leeches fed on maiden blood will cure your gout.;;<i>You drink the potion. It makes you ill and delirious for days on end but doesn't cure the gout. You feel suddenly very old.</i>;-10?;-10?;-10?;-10?;older;;<i>Good call.</i>;15?;5?;5?;5?;;
;;399;doctor;year>1980;800;20;I discovered a way to connect all the people in the world in a communion of knowledge and wisdom. I called it Magic Net. ;Sounds grand;;;;15?;5?;>;And what do you do with it?;;;;-5?;;>;
;_;400;jester;;;;Perfect way to share pictures of cats and other hairy things.;;;;;5?;;;;;;;-5?;;;
;;401;monk;year>1980;500;10;A company of bearded mecreants started to install fancy micro-breweries in the capital. Beer is our business!;;;10;;;-5?;;;;-15?;;;10?;;
;;402;priest;year>1960;del;20;The new millenium is coming! This is terrible! People are selling their souls to the devil!;;;5?;;-5?;;;;;-10?;;;;;
;;403;merchant;year>700;del;10;What side of the road should the carriages go?;Left;;;;-3?;5?;;Right;;;;5?;-3?;;
family and personal;;404;priest;year>990;del;100;The apocalypse is coming my Lord. Do you fear God?;;;?15;;;;;No, I'm good;;-10?;;;;;
family and personal;;405;queen;year>850 and !has_rival;200;20;I invited my young brother to join us for the Spring festival.;How lovely;;;;;;>_newrival and add_rival;;<i>It seems you don't have much say in the matter.</i>;;;;;no_queen++;
family and personal;;406;prophet;has_rival;400;20;The end is coming. Pray with me!;;;5;;;;> and add_rival;I'm sort of busy;;-15;;;;;
family and personal;_;407;diplomat;;;;My Lord! While you were praying, <rival> took over a large part of the castle.;Throw him out;;;;;;>;And you couldn't do anything?;;;;;;>;
family and personal;_newrival;408;diplomat;;;;He came with a troop that dwarfed the city guard.;All right;;;;;;>;;;;;;;>;
family and personal;_;409;rival;;;;Don't mind me! I'm just visiting for a couple of years, nothing definitive.;;;;?-15;-5?;-5?;;;;-10?;;;-15?;;
;;410;rival;has_prince;100;50;My dear brother-in-law! Should we arrange a wedding between your son and my daughter?;;;10?;5?;;10?;;They're cousins;;-5?;;5?;;>;
;_;411;rival;;;;I don't see your point. But, here, let me add to the dowry.;;;5?;5?;;20;isGreedy;;;;;;;;
;;412;rival;;100;20;Brother, you have a lovely castle. If somewhat a little bit... smallish. ;I have plans to enlarge it;;;-10?;5?;-20?;;It's perfect as it is;;;5?;;;;
;;413;nobleman;has_executioner and year>800;100;10;A fat guy with a fake beard and a red coat is giving gifts to random children in the streets.;Executioner!;;5?;;5?;;>;Not my concern;;-5?;;-10;;;
;_;414;executioner;;;;How did you know it was me? I just wanted to spread some hugs, love and a lot of sweets.;You're weird;;;;;;;You will have to pay;;;;;5?;>;
;_;415;executioner;;;;I can't execute myself, can I? So I will just carry on.;;;;;;;;;;;;;;;
family and personal;;416;queen;;120;8;My family laughs at the size of our castle. We should build a bigger palace!;;;;10?;10?;-25?;;;;;-5?;-5?;;;
family and personal;;417;nobleman;year>800 and !governor;200;6;You are so clever my Lord, you are an example to all of us.;;;-5?;;-5?;;>;Get to the point;;;5?;;5?;>;
family and personal;_;418;nobleman;;;;I have a request. We gained a large mountainous land on the Eastern border. Would you consider giving it to me?;;;;-5?;-10?;5?;governor and >_resultgov;;;;5?;5?;-6?;;
;;419;diplomat;has_nobleman and !governor;300;6;The mountainous region near the Eastern border is unlawful and unruly.;What are the options?;;;;;;>;I don't care;;-5?;-5?;-5?;-5?;;
;_;420;merchant;;;;We could appoint <nobleman> to govern that region. And make him pay for the privilege.;;;;;;12;> and governor;;;-5?;-5?;-5?;-5?;;
;_;421;nobleman;;;;I accept Sire. It's a great honor to bring your rule to that savage country.;Be strong;;5?;15?;;;>;Be fair;;;;15?;5?;>;
;_resultgov;422;diplomat;;;;Thanks to <nobleman>'s actions, the mountainous region is now corrupt as well as unruly.;That was quick;;;;;;>;Call him back;;;;;;>;
;_;423;general;;;;<nobleman> is at the head of a large horde of half-bandits. Should I send the army?;;;;-10;;;>;;<i>After that decision, chaos ensued in the Eastern baronies, again.</i> ;;;-5;;>>>barbarian and del_nobleman;
;_;424;nobleman;;;;I surrender! Let me live and I will tell you where the bandits' treasure is.;;<i>It was apparently a very small treasure.</i>;;;;5?;;;;;;;;del_nobleman;
family;;425;queen;no_queen>1;160;18;You don't even care about your people.;;;;;10?;;>;;;;;-10?;;>;
family;_;426;queen;;;;And that's it? That's everything you have to say on the subject?;;;;;;;;State affairs;;;;;;;
family;;427;executioner;school_keep;200;8;I would like to spend some time studying horticulture at the school.;;;;-5?;10?;;;;;;5;;;;
land and people;wolf;428;farmer;;100;10;My Lord, the wolves are eating our children. Can we hunt them?;I will hunt them myself!;;;;;;>_hunt_outcome and isBrave;You're bluffing;;5;10;-10;-5;;
land and people;river;429;farmer;;100;15;The river Drop is dry again. We should build a dam.;;;;;10;-15;>_dam;;;;;-15;;;
land and people;_dam;430;diplomat;!warViking_keep;;15;This dam will limit the Viking's access to water. Are you sure you want to proceed?;;;5;10;;;>>>>>>battleviking;;;;;-30;15;;
land and people;_dam;431;farmer;dynasty>2;;8;We found gold in the river bed! What do you want to do with the income?;Let's share it;;8;8;8;;;It's mine!;;;;;15;isGreedy;
land and people;technique;432;farmer;;200;6;A new farming technique has considerably improved the harvest! What do you want to do with this income?;Let's share it;;8;8;8;;;It's mine!;;;;;15;isGreedy;
land and people;goodking;433;nobleman;demography>60 and treasure<40;40;20;People think you're a good King! We should tax them more.;;;;;-15;15;;;;;;5;;;
land and people;;434;farmer;;70;10;The miners are refusing to dig in the mine. They want a raise.;;;;;10;-20;;;;;;-10;5;;
land and people;;435;monk;;70;10;A fine company of your drunken soldiers ransacked an abbey. We want justice!;;;5;-10?;;;;;;-20;5?;;;no_priest+++;
land and people;;436;merchant;;70;10;The goldsmiths of the capital created a cartel to organize their trade. They want your approval.;;;-5?;;-5?;15?;;;;;;5?;-5?;;
land and people;;437;minstrel;;70;10;We need money to organize the annual Spring festival. It will be amazing this year.;;;;;15?;-10;;;;;;-5?;;;
land and people;;438;general;has_doctor;160;8;A group of people have become enraged and are now hunting witches. Are we allowed to kill if necessary?;;;;5?;-10?;;>;;;;-5?;;;>;
land and people;_;439;doctor;;;;Apparently this derangement was caused by rye grain poisoning. Should we burn our stocks?;;<i>With your stock depleted, there's a reasonable chance your people will starve in the following years.</i>;;;-5?;;>>>>bread1;;<i>The poisoning spread and became difficult to control.</i>;;-5?;;;> and del_priest and del_general;
land and people;_;440;anyone;;;;The people are looking for a scapegoat. They have killed the priest and the general!;Send the army!;;;-15;;;;Close the gates!;;-5;;-10?;-5;;
land and people;harvest;441;farmer;demography<50 and !barn_keep;100;10;The harvest is a nightmare, people are famished. Please Sire, decrease the taxes.;;;-5;-5;20?;-20?;;How dare you!;;5?;5?;-30?;;;
land and people;gold;442;farmer;;160;10;We found some gold in the mines. Should we try to dig deeper?;;;;;-15?;15;;;;;;5?;-5?;;
land and people;;443;farmer;!intheDungeon;100;8;While digging for gold we found the entrance of a strange crypt. A very scary one with ghostly voices and foul smells.;I will go!;;;;;;>_dungeon1 and intheDungeon and !spice_trade_keep;Close that right away;;;;;;;
land and people;;444;nobleman;has_merchant and !spice_trade_keep;300;10;My Lord... <i>(whispering)</i> Would you be interested in a bold enterprise?;;;;;;;>;;;;;;;;
land and people;_;445;nobleman;;;;We could invest in the slave trade. I can guarantee it will keep the treasury afloat.;As long as I don't know the details;;-5?;;-20?;-5?;isSlaver and >>>>_slaverdiscovery;;;5?;;5?;;;
land and people;_slaverdiscovery;446;merchant;isSlaver;;;I visited one of the slave ships. It's... unbearable.;I will stop the trade;;;;10;-40?;!isSlaver;But it's profitable;<i><merchant> leaves the court shortly afterwards and never comes back.</i>;;;-10;5;del_merchant;
land and people;toomanyexec;447;executioner;;120;10;There are too many people to execute! I need help from the army.;;;;-5;5;;;;;;;-8;;;
land and people;prisonbreak;448;executioner;;110;10;There has been a massive breakout from the prison. We need to organize a search party.;;;;-10;;;;;;-5;-5;-5;-5;;
land and people;bread;449;farmer;treasure<50;50;18;Cereals are very cheap these days my Lord. You should adjust the price of bread.;Raise it slightly;;;;;5;;Double it!;;;;-15;20;;
land and people;bread1;450;farmer;demography<30;50;18;Your people are starving my Lord, the price of bread is too high.;Reduce it by 50%;;;;5;-20;;;;;;-10;;;
land and people;bread2;451;nobleman;demography>70;50;18;Your people are eating too much, they are fat and lazy. You should raise the price of bread.;Double it!;;;;-20?;15;;;;;;5;;;
land and people;beggars;452;nobleman;;50;4;My Liege, we are under attack! Beggars are invading our streets!;Throw them out!;;10?;5?;-5?;;isStrong;Let them be;;-5;-5;5?;;;
land and people;abundance;453;farmer;;60;6;The harvest has been fantastic my Lord!;Feed the people;;5?;5?;20?;5?;;Feed the army;;5?;20?;5?;5?;;
land and people;mine_explosion;454;farmer;;50;5;The mines are full of gold my Lord!;We are rich!;;5?;5?;5?;5?;;I'm rich!;;;;;30?;isGreedy;
land and people;mine_gold;455;farmer;;70;5;An explosion in the mine has killed at least a hundred people! Should we continue to dig?;;;;;-15?;10;;;;;;;-10;;
land and people;;456;farmer;!farmerwolf;400;20;These wolves are driving me crazy! Tonight I burn the forest!;;;-5;-5;-5?;-5;>_farmerworlf;Stop him;;;5;;;>;
land and people;_;457;general;;;;He's escaped!;You really are quite useless;;;-15;;;>;Never mind;;-5;-5;-5;-5;>;
land and people;_farmerworlf;458;farmer>werewolf;;;;<i>Late at night...</i> Sire! It's me, <farmer>. Something terrible has happened.;I can see that;;;;;;>;No sh** Sherlock;;;;;;>;
land and people;_;459;farmer>werewolf;;;;I don't feel too bad actually. I feel strong... and hungry!;Be free;<i>Shortly afterwards many sheep and some peasants disappear.</i>;;;-5;-5?;add_werewolf and >>>>> and del_farmer;Keep it under control;<i>But a monk and a couple of soldiers disappear 'inexplicably' afterwards.</i>;-5?;-5?;;;add_werewolf and >>>>> and del_farmer;
land and people;_;460;werewolf;;;;Would you introduce me to a certain gentleman of your court who shares, I hear, my bestial tendencies? ;;;;;;;> and add_farmer;;;;;;;;
land and people;_;461;farmer>werewolf;;;;M'Lord. It's going to eat me. Sure of it, I am.;;;;;;;;Don't be such a wimp;;;;;;>;
land and people;_;462;werewolf;;;;I'm so thrilled to make your acquaintance Master <farmer>. I'm a woman of quality looking for a friend.;Com'on Sir <farmer>;;;;;;>>>;Meet him outside;;;;;;>>>;
land and people;_;463;farmer>werewolf;;;;My Lord, we want to marry. I found the wolf of my life. Will you bless us?;;;-15?;-5?;10?;;farmerwolf;;;5?;5?;;;;
land and people;;464;diplomat;;100;8;The folks of a remote village are teaching their children to spit on the King's men. Should we make an example?;;;10;;-10;;;;;;;?5;;;
land and people;;465;anyone;;80;10;The estuary of the river Drop is a dangerous swamp for travellers. We should sanitize the whole area.;;;;;15?;-10;;;;;;-15?;;;
land and people;;466;anyone;;90;10;You should organize a curfew. The streets of the capital are not safe at night!;;;;10;5;-15;;;;;-5;-5;;;
land and people;;467;executioner;;300;7;We should create a Museum of Science to collect all living creatures. I can help in my spare time.;;;;;10;-10;;;;10?;;;;;
land and people;;468;farmer;;120;10;The river Drop is flooding a large part of the country! We need help from the Church and the Army!;;;-5;-5;5;-20;;;;;;?-30;;;
science;older;469;anyone;age>37;reign;100000000;Long live the King! You're turning 50 years old today!;;;3;3;3;3;older;Don't tell me;;3;3;3;3;older;
science;sciencemagic;470;witch;;140;10;I would like to open a couple of shops for my wares and charms.;;;-15;;5;;;;;5;;-10;;;
science;young;471;homunculus;older and hopen_keep;reign;15;You're getting old but I like your company. I have a potion that will make you look ten years younger.;;;-10;5;5;;!older and !dying;;;5;-5;-5;;;
science;;472;witch;!hospital_keep;200;10;I could build a hospital to prevent a surge of epidemics.;;;-10;;;-20;hospital_keep;What about the doctor?;;;;;;> and >>_answerwitch;
science;;473;doctor;;40;4;Sire! Your urine smells like rhododendrons this morning. You should avoid riding for a while.;;;;-10;;;;;;;10;;;;
science;_answerwitch;474;witch;;;;Do I really have to tell you why the doctor can't run the hospital?;;;;;;;>;;;;;;;>;
science;_;475;witch;;;;I didn't intend to. So about the hospital?;;;-10;;;-20;hospital_keep;;;5;;-10;;;
science;mushroom;476;anyone;!isStone;200;15;I found blue and brown mushrooms in the forest. The blue one seems edible.;Give it to me;;;;;;isStone;No thanks;;;;;;;
science;goblins;477;witch;;80;10;The people of a western village are afraid of goblins. Who should take care of this?;You;;-5;;15;;;The Church;;15;;-5;;;
new character;intro_doc;478;anyone;!has_doctor;100;40;My lord, a good doctor just saved the life of my nephew. He is a bit of a magician. He is here now...;Let him in;;-5;;5;;>_new_doc and add_doctor;I'm busy;;10;;;;;
new character;intro_nun;479;nun;;del;300;I'm <nun>, the headmistress of the new school. Help us nurture the young souls! ;;;10;;5;-15;;;;-5;;-10;;;
new character;news;480;bird;!has_spy;100;40;<i>The message says: I am offering you the services of a master spy. Signed: P.</i>;;;;20;;;add_spy;;;;-15;;;;
new character;_new_doc;481;doctor;;;;I'm a doctor, alchemist, poisoner. I can handle life for you. Or death, occasionally.;Glad to have you;;-10;10;;;;Focus on the life part;;-5;;10;;;
new character;newitch;482;anyone;!has_witch;100;40;I met a strange lady well versed in the ancient arts of plants and dreams. Would you like to meet her?;;;-5;5;5;;isWise and add_witch;;;15;-5;-5;;;
new character;intro_witch;483;witch;;del;100;I'm <witch>. I can help you understand the laws of nature and the limits of humankind.;That sounds useful;;-15;5;5;;;Be discreet;;10;;;;;
science;hygiene;484;doctor;;120;8;My King, it seems your army has very poor hygiene. We should spend a bit on this problem.;;;;15;5;-10;;;;;-15;-5;;;
science;_hidden_room;485;doctor;;;;There's nothing wrong with this room. I have to conduct my experiments somewhere!;At least be discreet;;;5;10;;;Not anymore;;10;-5;-10;;!alchemy_keep;
science;other_research;486;doctor;;120;8;I would like to conduct new research on weapons and warfare. Will you help?;;;;20;-5;-15;isStrong;;;;-15;5;;;
science;alchemy;487;doctor;!alchemy_keep;120;10;I would like to conduct new research on the fabled transmutation of lead into gold. Could you finance me?;;;-10;;;-15;alchemy_keep;;;10;;;;;
science;alchemy_discover;488;doctor;alchemy_keep;160;15;While doing my research I designed a rather clever way to distil alcohol. I would like to share the revenue.;;;-10;-5;-5;30;;;;10;;;;;
science;hiddenroomrumor;489;anyone;;120;8;I heard strange noises in the castle last night. We should have more guards patrolling!;;;;-10;5;-5;;;;;;-5;;;
science;alchemy_fail;490;doctor;alchemy_keep;60;10;My research is not working... should I carry on?;;;;;;-10;;;;15;;;;!alchemy_keep;
science;no_doc;491;priest;has_doctor and alchemy_keep;60;10;<doctor> is conducting ungodly experiments. His very presence in this court is blasphemy!;;;15;;-5;;no_doctor++;;;-10;;;;no_priest++;
science;arrest_doctor;492;priest;inquisition and has_doctor;60;9;The divine tribunal arrested <doctor>. Will you sign his condemnation?;;;15;;-5;;del_doctor and isPure;No, release him;;-40;;5;;;
science;experiments;493;monk;has_doctor and !alchemy_keep;160;8;The Doctor is conducting ungodly experiments in a hidden room. He must be stopped!;;;15;;-5;;>_hidden_room;I'm well aware of that...;;-25;;;;;
science;printing;494;doctor;year>1439;del;max;I created a machine that prints! ;Well done!;;-5;5?;15?;5?;printing_keep;This is the devil's machine;;15;;;;;
science;;495;nobleman;printing_keep and has_executioner;300;20;This printing machine is amazing. I could publish your memoirs!;;;;;;;>;Who would write them?;;;;;;>;
science;_;496;nobleman;;;;We can hire one of our useless students to do the writing, we have plenty.;Good idea;<i>The book was an amazing success but <nobleman> takes time to pay your regal royalties.</i>;;;;-10?;>>>>;I will write them myself;<i>You wrote your memoirs, but it was not a great success.</i>;;;;-5?;>>>>;
science;_;497;nobleman;;;;My Lord! Here are your royalties for your memoirs! All 5% of them.;;;;;;5;;You're a crook;<i><executioner> tortured <nobleman> and exceptionally, seemed to enjoy it.</i>;;;;10;del_nobleman;
science;;498;doctor;!has_homunculus;50;15;Look at the strange thing I created last week while messing around with alchemy and dark arts.;Brilliant;;;;;;> and add_homunculus;Not worrying at all;;;;;;> and add_homunculus;
science;_;499;doctor;;;;It's a vase.;Brilliant;;;;;;>;Supposed to be running a kingdom here...;;;;;;>;
science;_;500;homunculus>closed;;;;<i>It doesn't say anything, it's a vase.</i>;Brilliant;;;;;;>;<i>Knock</i>;;;;;;>;
science;_;501;homunculus>closed;;;;Liar...;What???;;;;;;>;How dare you!;;;;;;>;
science;_;502;homunculus>closed;;;;Not you, the Doctor. He's a liar. He found me in Lamascus, he didn't create me.;What are you?;;;;;;>;Who are you?;;;;;;>;
science;_;503;homunculus>closed;;;;A question so vast it verges on nonsense. Come back with the Frozen Blood and I may find an answer.;Brilliant;;;;;;;;;;;;;;
;;504;homunculus;hopen_keep;200;10;How would you describe the movements of your soul?;Combative and open;;-5?;15?;;;;Sensible and changing;;;-5?;15?;;;
;;505;homunculus;hopen_keep;200;10;What are the values of a good King?;Mine;;;15?;-5?;;;Overrated;;-5?;;15?;;;
;;506;homunculus;hopen_keep;200;10;Is the happiness of your people a sensible goal?;An aspiration;;;;15?;;;It depends;;5?;5?;;5?;;
science;;507;witch;;70;12;I can teach you a few things about white magic.;;;-5?;;;-5;>_magiclearn;;;15?;;;;;
science;_magiclearn;508;witch;;1000;max;But first you have to prove worthy of my time.;;;;;;;>;;;;;;;;
science;_;509;witch;;;;Pronounce the holy word "Zgando" in the Eastern fashion.;Zlamwo;<i>That was not the right answer.</i>;;;;;;Ahboep;;;;;;>;
science;_;510;witch;;;;Well done. Now what would you like to learn?;I don't know;;;;;;>_magiclearn;I have changed my mind;;;;;;;
science;_magiclearn;511;witch;;;1;Sorry, that's all I've got for now.;;;;;;;;Never mind;;;;;;;
science;_magiclearn;512;witch;;5;10;A way to tempt fate?;;;;;;;dice_keep;Something else?;;;;;;>_magiclearn;
science;_tinder;513;bird;;10;4;<i><bird>, 18</i>;LIKE;;-2?;-2;3;2?;isLover and >_match and hatoful;NOPE;;;;;;>_tinder;
science;_magiclearn;514;witch;!isLover;5;10;A way to find love?;;;;;;;>;Something else?;;;;;;>_magiclearn;
science;_;515;witch;;;;Tinderelo Tendirola! Now you have to make a choice.;;;;;;;>_tinder and add_foreign_princess and add_nun and add_painter and add_lady;What choice?;;;;;;>_tinder;
science;_tinder;516;lady;;10;10;<i><lady>, 19</i>;LIKE;;;-2;3;;isLover and >_match;NOPE;;;;;;>_tinder;
science;_tinder;517;courtesan;;10;10;<i><courtesan>, 24</i>;LIKE;;-2;;;-3;isLover and >_match;NOPE;;;;;;>_tinder;
science;_tinder;518;queen;;10;10;<i><queen>, 35</i>;LIKE;;3;3;3;;isLover and >_match;NOPE;;;;;;>_tinder;
science;_tinder;519;painter;;10;10;<i><painter>, 22</i>;LIKE;;-4;-2;;3;isLover and >_match;NOPE;;;;;;>_tinder;
science;_tinder;520;foreign_princess;;10;10;<i><foreign_princess>, 21</i>;LIKE;;-5;4;4;5;isLover and >_match;NOPE;;;;;;>_tinder;
science;_tinder;521;nun;;10;10;<i><nun>, 28</i>;LIKE;;-10;;;;isLover and >_match;NOPE;;;;;;>_tinder;
science;_tinder;522;executioner;;10;10;<i><executioner>, 42</i>;LIKE;;-3;3;-3;;isLover and >_match;NOPE;;;;;;>_tinder;
science;_tinder;523;witch;;5;2;I didn't find anyone suitable.;Try again;;;;;;>_magiclearn;I will die alone;;;;;;;
science;_match;524;witch;;;;It's a match! You and <lover> have liked each other.;;;;;;;;;;;;;;!isLover;
science;_magiclearn;525;witch;;5;10;A way to learn happiness?;;;;;;;>;Something else?;;;;;;>_magiclearn;
science;_;526;witch;;;;Why would you need a spell for that? Happiness is neither a trick nor a trinket.;;;;;;;>;;;;;;;>;
science;_;527;witch;;;;I can't give you happiness, but maybe I can remove something that makes you unhappy.;The Queen!;;;;;;>_happinessqueen;The Crown!;;;;;;>_endcrown;
science;_endcrown;528;end>dead_king_classic;;;;<i>No one saw you again after that day. Only your crown remained.</i>;;;;;;;;;;;;;;;
science;_happinessqueen;529;witch;!has_queen;;;Good then... because you're not married.;;;;;;;;;;;;;;;
science;_happinessqueen;530;witch;has_queen;;;Are you sure?;;<i>The Queen leaves unexpectedly, with most of the court. You don't feel particularly happy about that.</i>;-5;-5?;-5?;-5?;del_queen;;;;;;;;
science;_magiclearn;531;witch;year>666;5;10;A way to trick the devil?;;;;;;;>;Something else?;;;;;;>_magiclearn;
science;_;532;witch;;;;<i><witch> tosses white knucklebones in the air.</i> I see six numbers: 1043, 683, 1214, 842, 1432 and 1669.;Ok...;;;;;;;Not helpful;;;;;;;
science;;533;witch;!hopen_keep and has_homunculus and age<6;100;100;I have a gift for you. But it has a price, you will have to prove to me you're a worthy King.;;;;;;;>;;;;;;;;
science;_;534;witch;;;;Govern 15 years with the ailments of old age and we will talk again.;;;;;;;isDeaf and witch_trial;;;;;;;;
science;;535;witch;witch_trial and age>14;80;max;ONE MINUTE.;;<i><witch> waves her hands and suddenly your infirmity is gone.</i>;;;;;!isDeaf and >;No shouting;<i><witch> waves her hands and suddenly your infirmity is gone.</i>;;;;;!isDeaf and >;
science;_;536;witch;;;;You did it. You survived my curse. Now choose a gift.;<i>A red and cold ruby</i>;;;;;10?;hopen_keep and >;<i>A golden crown</i>;;;;;5?;;
science;_openhomunculus;537;homunculus>closed;;;;You found the Frozen Blood... I know you did.;;<i>You put the ruby in the vase. It dissolves immediately and reveals...</i>;;;;;>;;;;;;;;
science;_;538;homunculus;;;;That's better.;Who are you?;;;;;;>;Who are you?;;;;;;>;
;_;539;homunculus;;;;Names are irrelevant, they only enslave their owners with a tantalizing but questionable sense of identity.;What are you?;;;;;;>;Stop here;;;;;;;
;_;540;homunculus;;;;I'm the pure idea of a man. An alchemic wonder created by a wise scientist from an age long forgotten.;How pure?;;;;;;>;Stop here;;;;;;;
;_;541;homunculus;;;;I'm the closest any being could be to a pure spirit. A perfect mind because of an impossibly weak body.;It does make sense;;;;;;>;It doesn't make sense;;;;;;>_whatdoes;
;_;542;homunculus;;;;Does it? I question the very fabric of your reality and it doesn't bother you?;Yes it does;;-9?;-6;6?;8;;No it doesn't;;7;6?;-10;-3?;>_whatdoes;
;_whatdoes;543;homunculus;;;;What does? Your Kingdom? Your power? Your choices?;But they are mine;;;;;;;I don't know;;;;;;;
fortune;;544;dog;;140;8;Wouf! Wifwifwif! Wouf!;I agree;;-5?;-5?;;;;Sit!;;;;;;;
fortune;;545;dog;dynasty>1;80;14;Waouf! waouf! <i>(<dog> invites you to follow him)</i>;All right, all right;;;;;;>_dogwalk;Sit!;;;;;;;
fortune;_dogwalk;546;dog;;10;10;Grrrr.. Waouf! <i>(<dog> brings you to the forest)</i>;Be nice!;;;;;;>;No, not there!;;;;;;>_dogwalk;
fortune;;547;dog;!isOblivious;;;Waf... Gnn... Waf <i>(<dog> stops in front a bright orange mushroom)</i>;<i>Eat the mushroom</i>;;;;;;isOblivious;<i>Go back to the castle</i>;;;;;;;
fortune;_dogwalk;548;dog;;10;10;Rwaouuw Grouf! <i>(<dog> wants to play)</i>;Here, take that!;;;;;;>_ball and !nb_ball;No, not that!;;;;;;>_dogwalk;
fortune;_dogwalk;549;dog;!intheDungeon;10;8;Braof! Grrrrrrrrrr <i>(<dog> brings you to a forgotten part of the dungeon)</i>;<i>Explore further</i>;;;;;;>_dungeon1 and intheDungeon and !spice_trade_keep;No, not there!;;;;;;>_dogwalk;
fortune;_dogwalk;550;dog;;;5;Warf! Warf! <i>(<dog> runs around the castle and brings you back to the throne room)</i>;Sit!;;;;;;;No, not there!;;;;;;>_dogwalk;
fortune;_dogwalk;551;dog;;10;10;Wof! Grrrr... <i>(<dog> brings you to a lonely caravan in the marketplace)</i>;<i>Enter the caravan</i>;;;;;;add_fortune_teller and >introfortune;No, not there!;;;;;;>_dogwalk;
fortune;_ball;552;dog;;;10;Wawaufff! Waf! <i>(<dog> brings back the ball)</i>;Again?;;;;;;>_ball and nb_ball+;Enough!;;;;;;>_dogwalk;
fortune;_ball;553;dog;nb_ball>30;;max;Waufff! <i>(<dog> brings back a mysterious letter)</i>;<i>Read it</i>;<i>It says: Whatever you hear, the Senator is not your enemy. Signed: P.</i>;;;;;;<i>Leave it</i>;;;;;;;
;;554;black_bird;;120;8;<i>The message says: A small village in the Eastern baronies created a golem.</i>;General!;;;-10;5;-5?;;No way;;5;;;5;;
;;555;black_bird;;120;8;<i>The message says: We have reports of a dragon spreading destruction in the mountains.</i>;General!;;;-10;5;-5?;;That's crap;;10?;;;5?;;
fortune;;556;black_bird;;120;8;<i>The message says: A kraken has been seen on the shores of the Kingdom. Fishermen are terrified.</i>;General!;;;-10;5?;-5?;;Let's pray;;15;;-10?;;;
fortune;;557;fortune_teller;!skelup_keep and !strawberry_keep;del;30;I see the philosopher enclosed in the heart of the crusade.;Of course;;-5?;;;;;I don't;;;;;;;
fortune;;558;fortune_teller;has_queen;100;8;Your wife is secretly in love with someone else.;Who?;;-5?;;;;add_general and >>>>>>>>>bed;You lie!;;5;;;;add_general and >>>>>>>>>bed;
fortune;;559;fortune_teller;!has_black_bird;del;16;Fear the black bird. It won't bring any good news.;;;-10;;;;add_black_bird;;;5;5;;;add_black_bird;
fortune;;560;fortune_teller;;160;8;One of your decisions will kill thousands of innocents.;Which one?;;;5?;-5?;;>>>>>plaguestart and blackpredict;;;;-5?;5?;;>>>>>plaguestart and blackpredict;
fortune;;561;fortune_teller;!warViking_keep;100;8;I see a thousand boats full of tall and burly men.;General!;;;-15?;;-5?;>>>>battleviking_keep;We all have our fantasies;;-5;;5?;;>>>>battleviking;
fortune;introfortune;562;fortune_teller;;80;10;Don't tell me! I see... ;A King?;;;;;;>_ftregal;A nobleman?;;;;;;>_ftmerch;
fortune;_ftregal;563;fortune_teller;;100;10;Full of glory and regal composure. In front of him lay...;A dog?;;;;;;>;Ruins?;;;;;;>_ftend;
fortune;_;564;fortune_teller;;;;With red eyes and a smirk. Here he comes again! The Devil!;Carry on!;;;;;;>_ftpay;Enough;;;;;;>_ftpay;
fortune;_ftend;565;fortune_teller;;;;At the end of all things, the Islander will play his role.;Carry on!;;;;;;>_ftpay;Enough;;;;;;>_ftpay;
fortune;_ftregal;566;fortune_teller;;100;10;Full of glory and regal composure. In front of him lay...;A sword?;;;;;;>;A woman?;;;;;;>_ftwoman;
fortune;_;567;fortune_teller;;;;Bright and shiny. Forged from earth with fire, water and acid.;Carry on!;;;;;;>_ftpay;Enough;;;;;;>_ftpay;
fortune;_ftwoman;568;fortune_teller;;;10;She's quite nude and she's holding... Oh no, I can't look at that.;Carry on!;;;;;;>_ftpay;Enough;;;;;;>_ftpay;
fortune;_ftwoman;569;fortune_teller;has_queen;;150;She's hurt and her sorrows taste of blood.;Carry on!;;;;;;>_ftpay;Enough;;;;;;>_ftpay;
fortune;_ftmerch;570;fortune_teller;;800;100;Laying dead on the floor, the mark of secrets on his forehead.;Carry on!;;;;;;>_ftpay;Enough;;;;;;>_ftpay;
fortune;_ftmerch;571;fortune_teller;;;10;Rich of money but poor of taste. He talks to...;A hooded figure?;;;;;;>;A bird?;;;;;;>_ftbird;
fortune;_;572;fortune_teller;;;;The Senator!;Carry on!;;;;;;>_ftpay;Enough;;;;;;>_ftpay;
fortune;_ftbird;573;fortune_teller;;;;Beware the black bird, it never brings you good news.;Carry on!;;;;;;>_ftpay and add_black_bird;Enough;;;;;;>_ftpay and add_black_bird;
fortune;_ftpay;574;fortune_teller;;;;That will be 600 gold pieces.;;;;;;-3;;No, you're a crook;;5;;?-5;;;
ghost and tutorial;first_card;575;ghost;dynasty=1;del;max;Are you the young <*King*>?;;;;;;;>_intro2;;;;;;;>;
ghost and tutorial;_no_intro;576;ghost;;;;I only talk to the King. If you're not the King, I'm going back to sleep.;Good night;<i>The spirit looks at you thoughtfully then disappears. You enter the throne room.</i>;;;;;;I am the King;;;;;;>;
ghost and tutorial;_intro2;577;ghost;;;;So you're the one who usurped my throne and sent me to this dungeon to rot for eternity?;Yes...;;;;;;>;No...;;;;;;>;
ghost and tutorial;_intro4;578;ghost;;;;Well... you're in charge of the mess now, good luck with that. They're all pretty crazy, you will see.;Who?;;;;;;>;What?;;;;;;>;
ghost and tutorial;_;771;ghost;;;;Just try to keep a balance between the four powers to keep your head on its shoulders.;;<i>The spirit looks at you thoughtfully then disappears. You enter the courtroom.</i>;;;;;;;<i>The spirit looks at you thoughtfully then disappears. You enter the throne room.</i>;;;;;;
ghost and tutorial;second_ghost;579;ghost;dynasty=2;del;max;Are you the young King?;;;;;;;>;Not again...;;;;;;>;
ghost and tutorial;_second1;580;ghost;;;;Ha ha, just kidding. I know we've been through this already. That's our curse, see?;I'm not sure...;;;;;;>;I don't understand;;;;;;>;
ghost and tutorial;_second2;581;ghost;;;;We will remember each and every King of this dynasty. Every compromise, every death, for ages...;But...;;;;;;>;How...;;;;;;>;
ghost and tutorial;_second3;582;ghost;;;;It is said that only the Devil will allow us to blissfully forget the cursed Kings, but does he even exist?;Yes he does;;;;;;>;No he doesn't;;;;;;>_second5;
ghost and tutorial;_second4;583;ghost;;;;That's an interesting thought. Maybe he does. Maybe we will find him eventually.;;<i>The spirit slowly drifts away...</i>;;;;;;;<i>The spirit slowly drifts away...</i>;;;;;;
ghost and tutorial;_second5;584;ghost;;;;That's an interesting lack of faith. I would love to be free though.;Me too;<i>The spirit slowly drifts away...</i>;;;;;;Not me;<i>The spirit slowly drifts away...</i>;;;;;;
ghost and tutorial;;585;ghost;age=0 and year>1700;del;max;The last visit of the Devil is approaching young King. Are we ready? Will we prevail?;;<i>The spirit slowly drifts away...</i>;;;;;;;<i>The spirit slowly drifts away...</i>;;;;;;
ghost and tutorial;;586;ghost;age=0 and year>1900 and year<1990;del;max;The Devil is coming one last time this century. It's our chance!;;<i>The spirit slowly drifts away...</i>;;;;;;;<i>The spirit slowly drifts away...</i>;;;;;;
duel;;587;general;nb_duelwon_keep<4 and dynasty>3;80;40;My Lord, what about a bit of fencing? I'm a good teacher. Let's bet a bit of money.;En garde!;;;;;;>_duel_general;;;;;-4;;;
duel;_duel_general;588;general;duel_won;;;You won my Lord, beginner's luck! Do you want to know how to improve?;;;;;;15;nb_duelwon_keep+ and >_fencinglesson;;;;;;15;nb_duelwon_keep+;
duel;_duel_general;589;general;!duel_won;;;You will do better next time. Do you want to know how to improve?;;;;;;-5;>_fencinglesson;;;;;;-5;;
duel;_fencinglesson;590;general;;;;Fencing depends on your choices. Attack is bright and explosive, while defense is cunning and deceitful.;Carry on;;;;;;>;That's enough;;;;;;;
duel;_;591;general;;;;If you defend, you gain a chance to trigger a special move the following turn.;Carry on;;;;;;>;That's enough;;;;;;;
duel;_;592;general;;;;Look at your opponent, you will learn new thrusts and tricks that way.;Thank you;;;;;;;Let's try again;;;;;;>_duel_general;
duel;_duelmove_attack;593;general;;2;2;I'm going to attack you.;You will try;;;;;;;When is that?;;;;;;;
duel;_duelmove_super;594;general;;2;2;All is fair in love and war.;Except you;;;;;;;Words...;;;;;;;
duel;_duelmove_special;595;general;;2;2;This one will be difficult to parry, be careful.;You too;;;;;;;I wish;;;;;;;
duel;_duelmove_defense;596;general;;2;2;Now I'm going to defend.;You what?;;;;;;;Scary;;;;;;;
;_duelmove_attack;597;anyone;;2;1;You're moving so sloooowwwlly. This is never going to end.;Never!;;;;;;;I'm enjoying the moment;;;;;;;
;_duelmove_attack;598;anyone;;2;1;You look like a reckless worm trying to fight an eagle.;Really a small partridge;;;;;;;With a sword;;;;;;;
duel;_duelmove_attack;599;anyone;;2;1;Your breath is a better weapon than that toothpick of yours.;Are you sure? Come closer;;;;;;;It will be worse after I eat you;;;;;;;
duel;_duelmove_attack;600;anyone;;2;1;Mind the pointy bit of your sword... I don't want you to cut yourself before I can skewer you.;You mean this bit?;;;;;;;Glad you care so much;;;;;;;
duel;_duelmove_super;601;anyone;;2;1;<i>You feel <anyone> is plotting something...</i>;Now I'm scared;;;;;;;Hello?;;;;;;;
duel;_duelmove_special;602;anyone;;2;1;<i><anyone> stares intently at you.</i>;Are you ok?;;;;;;;You look pale;;;;;;;
duel;_duelmove_defense;603;anyone;;2;1;You will dance in hell.;With you I will;;;;;;;And I will laugh too;;;;;;;
duel;_duelmove_defense;604;anyone;;2;1;Did you try selling these impressive brushing skills of yours?;I will dust you!;;;;;;;Yes, I made a fortune;;;;;;;
duel;_duelmove_defense;605;anyone;;2;1;Where did you learn that move? The hospital?;With a pretty nurse, yes;;;;;;;It's called "Black death";;;;;;;
duel;_duelmove_defense;606;anyone;;2;1;Your mother would be proud of your knitting skills.;You will make a nice jumper;;;;;;;Not my mother;;;;;;;
dungeon;enterthedonjon;607;anyone;!intheDungeon;200;5;We discovered the entrance of a crypt under the castle!;I'm going in!;;?20;?20;?20;?20;>_dungeon1 and intheDungeon and !spice_trade_keep;;;;;;;;
dungeon;backtothedungeon;608;dungeon>air_arsenic;intheDungeon;;max;<i>The air is lighter but smells of sickness.</i>;<i>Use Air door</i>;;;;;;>_exit_closed;<i>Use Arsenic door</i>;;;;;;>_dungeon1;
dungeon;_dungeon1;609;end>dead_king_dungeon;spiritual=0 and military=0 and demography=0 and treasure=0;;max;<i>Did you find your way out of the dungeon? Maybe, but your power is no more and a new King is on the rise.</i>;What...;;;;;;;What...;;;;;;;
dungeon;_dungeon1;610;dungeon>air_arsenic;;4;12;<i>The air is lighter but smells of sickness.</i>;<i>Use Air door</i>;;;;;;>_exit_closed;<i>Use Arsenic door</i>;;;;;;>_dungeon1;
dungeon;_dungeon1;611;dungeon>neutre_feu;torch;4;12;<i>The walls are dark and sooty.</i>;<i>Use Neutral door</i>;;;;;;>_dungeon1;<i>Use Fire door</i>;;;;;;>_devil1;
dungeon;_excalibur1;612;dungeon>neutre_feu;;;;<i>The walls are dark and sooty.</i>;<i>Use Neutral door</i>;;;;;;>_dungeon1;<i>Use Fire door</i>;<i>The room opens on a dark corridor full of corroded air. You hear a series of loud noises as if you were in the center of a giant machine.</i>;;;;;>_excalibur2;
dungeon;_dungeon1;613;dungeon>arsenic_salt;;4;12;<i>You feel nauseous and your mouth is dry.</i>;<i>Use Arsenic door</i>;;;;;;>_trap;<i>Use Salt door</i>;;;;;;>_dungeon1;
dungeon;_dungeon1;614;dungeon>gold_mercure;;10;16;<i>The walls are ornate with discreet alchemists' runes.</i>;<i>Use Gold door</i>;;;;;;>_treasure1;<i>Use Mercury door</i>;;;;;;>_dungeon1;
dungeon;_dungeon1;615;dungeon>secret_gold;torch;4;12;<i>You feel very lucky.</i>;<i>Break the wall</i>;;;;;;>_dungeon1;<i>Use Gold door</i>;;;;;;>_treasure1;
dungeon;_devil3;616;dungeon>secret_gold;;;;<i>You feel very lucky.</i>;<i>Break the wall</i>;;;;;;>_devil4;<i>Use Gold door</i>;;;;;;>_trap;
dungeon;_dungeon1;617;dungeon>secret_wall;torch;4;12;<i>The wall is crumbling, with a strange murky smell.</i>;<i>Break the wall</i>;;;;;;>_dungeon1;<i>Turn around</i>;;;;;;>_dungeon1;
dungeon;_dungeon1;618;dungeon>eau_acide;torch;4;12;<i>The atmosphere is damp and acrid.</i>;<i>Use Water door</i>;;;;;;>_dungeon1;<i>Use Acid door</i>;;;;;;>_dungeon1;
dungeon;_devil2;619;dungeon>eau_acide;;;;<i>The atmosphere is damp and acrid.</i>;<i>Use Water door</i>;;;;;;>_dungeon1;<i>Use Acid door</i>;;;;;;>_devil3;
dungeon;_excalibur2;620;dungeon>eau_acide;;;;<i>The atmosphere is damp and acrid.</i>;<i>Use Water door</i>;;;;;;>_excalibur3;<i>Use Acid door</i>;;;;;;>_dungeon1;
dungeon;_excalibur3;621;dungeon>eau_acide;;;;<i>What just happened?</i>;<i>Use Water door</i>;;;;;;>_dungeon1;<i>Use Acid door</i>;;;;;;>_excalibur4;
dungeon;_dungeon1;622;dungeon>arsenic_secret;torch;4;12;<i>A foul laugh chills your bones.</i>;<i>Use Arsenic door</i>;;;;;;>_trap;<i>Break the wall</i>;;;;;;>_surprise;
dungeon;_devil1;623;dungeon>arsenic_secret;torch;;;<i>A foul laugh chills your bones.</i>;<i>Use Arsenic door</i>;;;;;;>_devil2;<i>Break the wall</i>;;;;;;>_surprise;
dungeon;_dungeon1;624;dungeon>neutre_terre;torch;4;12;<i>The floor is made of malleable earth.</i>;<i>Use Neutral door</i>;;;;;;>_dungeon1;<i>Use Earth door</i>;;;;;;>_excalibur1;
dungeon;_dungeon1;625;dungeon>door_door_dark;!torch;4;12;<i>You hesitantly touch the walls. There are two exits.</i>;<i>Carry on</i>;;;;;;>_dungeon1;<i>Carry on</i>;;;;;;>_dungeon1;
dungeon;_dungeon1;626;dungeon>door_wall_dark;!torch;4;12;<i>You vaguely see a door on the left.</i>;<i>Carry on</i>;;;;;;>_dungeon1;<i>Turn around</i>;;;;;;>_skelnoend;
dungeon;_dungeon1;627;dungeon>wall_door_dark;!torch;4;12;<i>It seems there's a door on the right, but it's not clear.</i>;<i>Turn around</i>;;;;;;>_dungeon1;<i>Carry on</i>;;;;;;>_dungeon1;
dungeon;_dungeon1;628;dungeon>wall_wall;;4;12;<i>It's a dead-end. You need to turn back.</i>;<i>Turn around</i>;;;;;;>_skelnoend;<i>Turn around</i>;;;;;;>_skelnoend;
dungeon;_dungeon1;629;skeleton;!niceskel_keep;8;20;<i>The skeleton cries or laughs sinisterly. He has a very long sword.</i>;<i>Attack</i>;;8;8;8;8;>_duel_skeleton;<i>Flee</i>;;-4;-4;-4;-4;>_dungeon1;
dungeon;_skelnoend;630;dungeon>neutre_feu;;3;20;<i>The walls are dark and sooty.</i>;<i>Use Neutral door</i>;;;;;;>_dungeon1;<i>Use Fire door</i>;;;;;;>_devil1;
dungeon;_skelnoend;631;skeleton;!niceskel_keep;;8;<i>The skeleton corners you!</i>;<i>Attack</i>;;10;10;10;10;>_duel_skeleton;<i>Flee</i>;;-5;-5;-5;-5;>_dungeon1;
dungeon;_surprise;632;dungeon>wall_wall;;;10;<i>It's a dead-end. You need to turn back.</i>;<i>Turn around</i>;;;;;;>_dungeon1;<i>Turn around</i>;;;;;;>_dungeon1;
dungeon;_surprise;633;dungeon>treasure_chest;;;10;<i>A treasure chest!</i>;<i>Open it</i>;;;;;;>_treasureexposed;<i>Carry on</i>;;;;;;>_dungeon1;
dungeon;_treasure1;634;dungeon>treasure_chest;;;;<i>A treasure chest!</i>;<i>Open it</i>;;;;;;>_treasureexposed;<i>Carry on</i>;;;;;;>_dungeon1;
dungeon;_treasureexposed;635;dungeon>torch;!torch;20;7;<i>You have found a torch.</i>;<i>Take it</i>;<i>As you put your hand on the torch, it evaporates. 'Rubbish' you think, then you see that all the lights are now on in the dungeon.</i>;5;5;5;5;torch and >_dungeon1 and nb_chest+;<i>Leave it</i>;;;;;;>_dungeon1;
dungeon;_treasureexposed;636;dungeon>key;!keydungeon;20;20;<i>You have found a key.</i>;<i>Take it</i>;;5;5;5;5;keydungeon and >_dungeon1 and nb_chest+;<i>Leave it</i>;;;;;;>_dungeon1;
;_treasureexposed;637;dungeon>poison;;;5;<i>You have found a potion.</i>;<i>Drink it</i>;;-20?30;-20?30;-20?30;-20?30;>_dungeon1;<i>Leave it</i>;;;;;;>_dungeon1;
dungeon;_exit_closed;638;dungeon>close_exit;!keydungeon;;;<i>You feel fresh air and see some light behind the door, but it's closed.</i> ;<i>Kick the door</i>;<i>Your foot hurts.</i>;;;;;>_exit_closed;<i>Turn around</i>;;;;;;>_dungeon1;
dungeon;_exit_closed;639;dungeon>close_exit;keydungeon;;;<i>You feel fresh air and see some light behind the door, but it's closed.</i> ;<i>Open the door with the key</i>;;;;;;>_exit_open;<i>Turn around</i>;;;;;;>_dungeon1;
dungeon;_exit_open;640;dungeon>open_exit;;;;<i>You have found the exit to the dungeon!</i>;<i>Go back to the castle</i>;;30;30;30;30;!intheDungeon;<i>Close the door</i>;<i>So true. It's quite a comfortable dungeon, and there's no one to bother you here.</i>;;;;;>_exit_closed;
;_devil4;641;dungeon>devil_salpetre;;;;<i>You stumble on something and almost fall. You turn around... nothing.</i>;<i>Use the Devil's door</i>;;;;;;>_trap;<i>Use Salpetre door</i>;;;;;;>_devil5;
;_devil5;642;dungeon>devil_salpetre;skelup_keep;;10;<i>The same room, again!</i>;<i>Use the Devil's door</i>;;;;;;keydungeon and >_exit_open;<i>Use Salpetre door</i>;;;;;;>_trap;
;_devil5;643;dungeon>devil_salpetre;!skelup_keep;;10;<i>The same room, again!</i>;<i>Use the Devil's door</i>;<i>You enter a cosy little room with a roaring fire and tea brewing. But suddenly...</i>;;;;;>_devil6;<i>Use Salpetre door</i>;;;;;;>_trap;
;_devil6;644;skeleton;niceskel_keep and strawberry_keep;;10;You have strawberries!;;<i>As the Skeleton says these words, you're instantly teleported to the caste.</i>;50;50;50;50;!intheDungeon and skelup_keep and !strawberry_keep and >;;<i>As the Skeleton says these words, you're instantly teleported to the caste.</i>;50;50;50;50;!intheDungeon and skelup_keep and !strawberry_keep and >;
;_;645;skeleton;;;;My mission is to bring back strawberries to the world. Don't worry, I will help you when you need me.;Wait!;<i>The telekinetic Skeleton disappears.</i>;;;;;;How?;<i>The telekinetic Skeleton disappears.</i>;;;;;;
;_devil6;646;skeleton;niceskel_keep and !strawberry_keep;;10;Hello alive friend! I will pour the tea! Still no strawberries? ;;;;;;;>;;<i>You have a nice chat with the Skeleton about politics and cats, then he brings you back to the exit of the dungeon.</i>;;;;;keydungeon and >_exit_open;
;_;647;skeleton;;;;I see that you're lying, it's not very nice. ;;;;;;;>_exit_closed;;;;;;;>_exit_closed;
;_devil6;648;skeleton;!niceskel_keep;;10;Here you are! I have been chasing you all over the place. You're fast.;<i>Attack</i>;;;;;;>;<i>Flee</i>;;;;;;>;
;_;649;skeleton;;;;Wait! I know you're eager to fight and I would have been happy to oblige in other circumstances.;How so?;;;;;;>;Why?;;;;;;>;
;_;650;skeleton;;;;I don't want to mess up the room. This is my place, I hope you like it. Please, take a seat.;;;;;;;> and niceskel_keep;;;;;;;> and niceskel_keep;
;_;651;skeleton;;;;Why so snappy? Is your Kingdom bothering you? Let me help.;;;?80;?80;?80;?80;> and niceskel_keep;;;;;;;> and niceskel_keep;
;_;652;skeleton;;;;Do you want some tea? Too bad we don't have any strawberries. They're perfect with tea.;;<i><skeleton> pours you some tea explaining he was a dead Islander enchanted by a powerful mage to guard this dungeon.</i>;;;;;>;;<i><skeleton> pours himself some tea explaining he was a dead Islander enchanted by a powerful mage to guard this dungeon.</i>;;;;;>;
;_;653;skeleton;;;;It was ages ago and everyone forgot me, as well as this dungeon and its secrets. So I made myself comfortable.;What secrets?;;;;;;>;Who enchanted you?;;;;;;>_skelwho;
;_;654;skeleton;;;;Not much. Just a stupid sword the mage has hidden in the bottom of the dungeon.;<i>Nod</i>;;;;;;>;<i>Shrug</i>;;;;;;>;
;_skelwho;655;skeleton;;;;A very despicable mage. He despised me so much that he destroyed all the strawberry plants on earth.;Really ?;;;;;;>;No way;;;;;;>;
;_;656;skeleton;;;;Yes! Just because I happened to like them.;That's overreacting;<i>You have a nice chat with the Skeleton about women and war, then he brings you back to the exit of the dungeon.</i>;;;;;>;No way;<i>You have a nice chat with the Skeleton about science and cooking, then he brings you back to the exit of the dungeon.</i>;;;;;>;
;_;657;skeleton;;;;Farewell, young King. Come visit me from time to time. ;;;;;;;niceskel_keep and keydungeon and >_exit_open;;;;;;;niceskel_keep and keydungeon and >_exit_open;
;_excalibur4;658;dungeon>sulfur_excalibur;;;;<i>You feel a strong energy emanating from this place.</i>;<i>Use Sulfur door</i>;;;;;;>_dungeon1;<i>Use Sword door</i>;;;;;;>_excalibur5;
;_excalibur5;659;dungeon>treasure_chest;;;;<i>The chest is vibrating.</i>;<i>Open it</i>;;;;;;>_excalibur6;<i>Carry on</i>;;;;;;>_excalibur4;
;_excalibur6;660;dungeon>excalibur;;;;<i>A shiny sword!</i>;<i>Take it</i>;;;;;;>_exit_closed and excalibur_keep;<i>Leave it</i>;;;;;;>_exit_closed;
;_trap;661;dungeon>trap;;;1;<i>A trap is triggered under your feet!</i>;What...;;;;;;>_end_dungeon;What...;;;;;;>_end_dungeon;
;_surprise;662;dungeon>trap;;;1;<i>A trap is triggered under your feet!</i>;What...;;;;;;>_end_dungeon;What...;;;;;;>_end_dungeon;
;_end_dungeon;663;end>dead_king_rat;;;1;<i>Your agony is long and painful. And the rats...</i>;;;;;;;;;;;;;;;
duel;_duel_skeleton;664;dungeon>neutre_terre;duel_won;;10;<i>The skeleton crumbles. You decide not to stay around to see if he's able to rebuild himself.</i>;<i>Use Neutral door</i>;;;;;;>_excalibur1 and nb_duelwon_keep+;<i>Use Earth door</i>;;;;;;>_dungeon1 and nb_duelwon_keep+;
duel;_duel_skeleton;665;end>dead_king_duel;!duel_won;;10;<i>You bleed to death on the filthy dungeon floor.</i>;;;;;;;;;;;;;;;
duel;_duelmove_attack;666;skeleton;;2;1000;I suppose you didn't come here for my conversation?;I wish;;;;;;;Not really;;;;;;;
duel;_duelmove_attack;667;skeleton;;2;1000;It's very rude to visit someone without bringing strawberries.;Next time?;;;;;;;I have apples;;;;;;;
duel;_duelmove_attack;668;skeleton;;2;1000;Did you bring me strawberries?;Slightly bloody ones;;;;;;;Have a look;;;;;;;
duel;_duelmove_super;669;skeleton;;2;1000;Below the earth <i>(singing)</i>, under the river, here cries the ugly Skel'.;Indeed;;;;;;;You're a beauty;;;;;;;
duel;_duelmove_super;670;skeleton;;2;1000;Alone, <i>(singing)</i> lost and passably crazy, the Skel' evaporates.;Fine by me;;;;;;;Just passably?;;;;;;;
duel;_duelmove_super;671;skeleton;;2;1000;A Skel' <i>(singing)</i>, a worm, a rat. Dancing with a King, a mage, a son.;A very small King;;;;;;;Lovely;;;;;;;
duel;_duelmove_attack;672;skeleton;;2;1000;I am not happy.;I can see that;;;;;;;Need a hug?;;;;;;;
duel;_duelmove_attack;673;skeleton;;2;1000;Except for Victor, I am alone all the time.;I can leave...;;;;;;;I can stay...;;;;;;;
duel;_duelmove_defense;674;skeleton;;2;1000;Victor has very big red eyes. He's mean to me sometimes.;"Mean" how?;;;;;;;Is Victor around?;;;;;;;
duel;_duelmove_defense;675;skeleton;;2;1000;I'm a boring dead corpse trapped in a stupid maze.;Life sucks;;;;;;;What about me?;;;;;;;
duel;_duelmove_defense;676;skeleton;;2;1000;You're not talking much for someone who's alive.;You're not hearing much;;;;;;;I'm SHOUTING!;;;;;;;
duel;_duelmove_defense;677;skeleton;;2;1000;I was alive once. It should count for something.;Totally overrated;;;;;;;I am alive so...;;;;;;;
treason;;678;general;no_general>1;100;8;Your army needs a good leader, and you chose me. Listen to my advice!;;;;15?;;;;;;;-15;;;>>;
treason;_trahison;679;general;;;;Our engineers have designed a new weapon, would you like to see what it does?;;<i>As you enter the test chamber, a group of soldiers attacks you.</i> Die, monster!;;?100;;;>_end_prison;;;;-15;;;;
stories;bloodcows;680;farmer;has_prince and has_doctor and has_witch;420;20;Our cows are producing blood instead of milk! <i>He wails in despair.</i>;Doctor!;;-10;;5;;add_doctor and >_doccow and add_prince;Priest!;;10;;-5;;>_priestcow and add_prince;
stories;_priestcow;681;priest;;;;Satan is among us! Witches! Burn! Now!;No burnings without trials first;;-5;;;;add_witch and >>>>_witchcow;Not very helpful;;-10;;;;add_doctor and >_doccow;
stories;_doccow;682;doctor;;;;How strange! It doesn't seem to be proper blood at all.;Please investigate;;;;;-5;>>>_resultcow;Not very helpful;;;;;;>_priestcow;
stories;_witchcow;683;general;;;;We found blood in <witch>'s rooms!;Let's hear what she has to say;;;;;;>;Keep it quiet;;;;;;>>>_resultcow;
stories;_witchcow2;684;witch;;;;I'm conducting experiments on blood coagulation. You can't detain me for that!;Yes, I can;<i>Shortly after that, <witch> is burnt alive. That didn't stop the cows from producing blood.</i>;5;;-5;;del_witch and >>>_resultcow;You're free to go;;-5;;5;;>>>_resultcow;
stories;_resultcow;685;doctor;;;;It seems this cow business was an elaborate prank conducted by your son, the Prince.;<prince>!;;;;;;>;Arrest him!;<i><prince> was beheaded by the executioner shortly afterwards.</i>;;;;;del_prince;
stories;_resulttraitor;686;prince;;;;Guards! Guards! The King is a disciple of Satan!;What?;;;;;;>_duel_cowprince;En garde, traitor!;;;;;;>_duel_cowprince;
stories;_duel_cowprince;687;prince;duel_won;;10;I... You... Father... ;<i>Forgive</i>;;5;;;;nb_duelwon_keep+;<i>Forget</i>;;;5;;;nb_duelwon_keep+;
stories;_duel_cowprince;688;end>dead_king_duel;!duel_won;;10;<i>You bleed to death at your son's feet, that traitor!</i>;;;;;;;;;;;;;;;
stories;;689;diplomat;has_nobleman;300;5;My Lord, the King of the West is visiting us!;Delightful;;;;;;>;Boooooring...;;;;;;>;
stories;_;690;nobleman;;;;We should organize a grand dinner!;Good idea;;;-5;5;;>;;;;-2?;-2?;;>_endnoargue;
stories;_loop1;691;general;;;;It's a terrible idea, the King will prefer to go hunting.;Good idea;;;5;-5;;>_loop2;;;;-5;;;>_endnoargue;
stories;_loop2;692;nobleman;;;;No Sire! Diplomacy and good taste dictates the dinner.;All right...;;;-5;5;;>_loop3;Let's do both;;;-100?;;;>_endexec;
stories;_loop3;693;general;;;;<nobleman> is a pathetic snob. Hunting!;All right...;;;5;-5;;>_loop2;Let's do both;;;-100?;;;>_endexec;
stories;_endnoargue;694;diplomat;;;;The King of the West was preparing an attack on one of our provinces! Shall we send the army?;;;;-15;5;;warWest_keep and nb_war_keep+;;;;;-10;;warWest_keep and nb_war_keep+;
stories;_endexec;695;end>dead_king_exil;;;;<i>While you were busy preparing his arrival, the King of the West invaded your country then sent you into exile.</i>;;;;;;;;;;;;;;;
stories;;696;executioner;has_doctor;300;6;I'm a serial killer...;You're my executioner;;;;;;>;So what?;;;;;;>;
stories;_;697;executioner;;;;This job sucks. If I could...;Maybe, but nobody wants to do it.;;;;;;>>>_docexec;Out of the question;;;;;;>>>_docexec;
stories;_docexec;698;doctor;;;;I could be the executioner!;Doctor? What?;;;;;;>;;;;;;;>;
stories;_;699;doctor;;;;I'm looking for a simple way to test exotic new poisons. I can pay.;Sure, why not;<i>It quickly appeared that hygiene was the doctor's last concern.</i>;;;-100?;4;>;No way;;;;;;;
stories;_;700;end>dead_king_gangrene;;;;<i>A terrible plague followed the doctor's experiments on convicts. You're among the first to rot.</i>;;;;;;;;;;;;;;;
devil;;701;dog;year>665;del;max;<i><dog> moans in despair. Something is not right.</i>;<i>Pat the dog</i>;;;;;;devil_visit and > and add_jester and add_nobleman and add_priest;<i>Kick the dog</i>;;;;;;devil_visit and > and add_jester and add_nobleman and add_priest;
devil;_;702;dog;;;;Little King, little puppet.;;;-100;;;;>;;;-100;;;;>;
devil;_;703;dog;;;;No words.;;;;;-100;;>;;;;;-100;;>;
devil;_;704;jester;;;;Few thoughts.;;;;-100;;;>;;;;-100;;;>;
devil;_;705;nobleman;;;;Many deaths.;;;;;;-100;>;;;;;;-100;>;
devil;_;706;nobleman;;;;Centuries ago you asked for eternal power in exchange for your soul...;;;20;60;40;80;>;;;20;60;40;80;>;
devil;_;707;priest;;;;Fortunately you didn't mention anything about immortality.;;;60;-20;20;-60;>;;;60;-20;20;-60;>;
devil;_;708;priest;;;;Each of your deaths is enjoyable.;;;100;100;100;100;>;;;100;100;100;100;>;
devil;_;709;jester;;;;But even more so is the choice I will let you make now.;;;-99;-99;-99;-99;>;;;-99;-99;-99;-99;>;
devil;_;710;dog;;;;Go little puppet, and see you again in 666 years.;;;65;65;65;65;!devil_visit and devil_curse_keep;;;65;65;65;65;!devil_visit and devil_curse_keep;
devil;;711;dog;year>765 and year<800 and devil_curse_keep;del;max;<i><dog> moans in despair. Something is not right.</i>;<i>Pat the dog</i>;;;;;;!devil_curse_keep and devil_visit and >_nodevilplay;<i>Kick the dog</i>;;;;;;!devil_curse_keep and devil_visit and >_nodevilplay;
devil;;712;dog;year>1431 and year<1500 and devil_curse_keep;del;max;<i><dog> moans in despair. Something is not right.</i>;<i>Pat the dog</i>;;;;;;!devil_curse_keep and devil_visit and >_nodevilplay;<i>Kick the dog</i>;;;;;;!devil_curse_keep and devil_visit and >_nodevilplay;
devil;;713;dog;year>2097 and devil_curse_keep;del;max;<i><dog> moans in despair. Something is not right.</i>;<i>Pat the dog</i>;;;;;;!devil_curse_keep and devil_visit and >_nodevilplay;<i>Kick the dog</i>;;;;;;!devil_curse_keep and devil_visit and >_nodevilplay;
devil;_nodevilplay;714;dog;;;;Impressive! A hundred years and you never said yes to anyone.;;;100;100;100;100;>;;;100;100;100;100;>;
devil;_truepacifist;715;dog;;;;A true pacifist is a rarity, I lift the curse for now.;;;-50;-50;-50;-50;!devil_visit;;;-50;-50;-50;-50;!devil_visit;
devil;;716;dog;year>1331;del;max;<i><dog> moans in despair. Something is not right.</i>;<i>Pat the dog</i>;;;;;;devil_visit and > and add_foreign_princess and add_monk;<i>Kick the dog</i>;;;;;;devil_visit and > and add_foreign_princess and add_monk;
devil;_;717;dog;;;;Little King, little puppet.;;;-11;-11;-11;-11;>;;;-11;-11;-11;-11;>;
devil;_;718;foreign_princess;;;;Your power is absolute.;;;-13;-13;-13;-13;>;;;-13;-13;-13;-13;>;
devil;_;719;monk;;;;If I want.;;;-31;-31;-31;-31;>;;;-31;-31;-31;-31;>;
devil;_;720;foreign_princess;;;;Your despair is endless.;;;-100;-100;-100;-100;>;;;-100;-100;-100;-100;>;
devil;_;721;monk;;;;If I fancy.;;;1;1;1;1;>;;;1;1;1;1;>;
;_;722;monk;;;;Our little game becomes boring. I think 1998 will be my last visit.;;;3;3;3;3;>;;;3;3;3;3;>;
devil;_;723;foreign_princess;;;;Now give me your preference.;;;9;9;9;9;>;;;9;9;9;9;>;
devil;_;724;dog;;;;I promise you that the one you show me will die. I never fail.;;;43;43;43;43;!devil_visit and devil_curse_keep;;;43;43;43;43;!devil_visit and devil_curse_keep;
devil;;725;dog;year>1997;del;max;<i><dog> moans in despair. Something is not right.</i>;<i>Pat the dog</i>;;;;;;devil_visit and > and add_merchant and add_queen;<i>Kick the dog</i>;;;;;;devil_visit and > and add_merchant and add_queen;
devil;_;726;dog;;;;Little King, little puppet.;;;-7;4;-6;8;>;;;-7;4;-6;8;>;
devil;_;727;merchant;;;;A new millenium is dawning and you are still here.;;;-8;1;-4;6;>;;;-8;1;-4;6;>;
devil;_;728;queen;;;;You're not giving up easily, I grant you that.;;;-4;6;-5;6;>;;;-4;6;-5;6;>;
devil;_;729;queen;;;;But I'm bored, so this will be our last meeting. ;;;-13;8;-9;11;>;;;-13;8;-9;11;>;
devil;_;730;merchant;;;;I will forget you here and find myself another soul to torture.;;;-1;3;-2;5;>;;;-1;3;-2;5;>;
devil;_;731;merchant;;;;I grant you one last death wish. Choose well.;;;-100;100;-100;100;>;;;-100;100;-100;100;>;
devil;_;732;dog;;;;I promise you that the one you show me will die. I never fail.;;;66;-34;66;-34;!devil_visit and devil_curse_keep and add_ghost;;;66;-34;66;-34;!devil_visit and devil_curse_keep and add_ghost;
devil;;733;skeleton;skelup_keep and spiritual<50;120;12;May I be of assistance to your Church?;;;15;;;;>_devilfail;;;;;;;;
devil;;734;skeleton;skelup_keep and military<50;120;12;May I be of assistance to your Army?;;;;15;;;>_devilfail;;;;;;;;
devil;;735;skeleton;skelup_keep and demography<50;120;12;May I be of assistance to your People?;;;;;15;;>_devilfail;;;;;;;;
devil;;736;skeleton;skelup_keep and treasure<50;120;12;May I be of assistance to your Treasury?;;;;;;15;>_devilfail;;;;;;;;
devil;_devilfail;737;skeleton;devil_curse_keep and skelup_keep;del;40;It feels like someone is tickling me <i>(laughing)</i>. Please carry on!;The Devil!;;;;;;devil_visit and > and add_dog and !devil_curse_keep;The Devil!;;;;;;devil_visit and > and add_dog and !devil_curse_keep;
devil;_;738;dog;;;;What did you do, despicable worm?;;;;;;;>;;;;;;;>;
devil;_;739;dog;;;;I can't...;;;;;;;>;;;;;;;>;
devil;_;740;dog;;;;I can't kill the Skeleton.;;;;;;;!devil_visit and >;;;;;;;!devil_visit and >;
devil;_;741;skeleton;;;;I'm already dead enough, thank you.;;;;;;;>;;;;;;;>;
devil;_;742;dog;;;;Noooooo! Warf! Warf! <i>(tail wriggling)</i>;;;;;;;>;;;;;;;>;
devil;_;743;end>final_free;;;;<i>You broke the curse. Well done!</i>;;;;;;;;;;;;;;;
devil;;744;ghost;year>2000 and !devil_curse_keep and age=0;200;max;The Devil is gone. We're stuck here for ever. Are you not tired of this?;;;;;;;>;;;;;;;;
devil;_;745;end>final_loop;;;;<i>You didn't break the curse. Try again!</i>;;;;;;;;;;;;;;;
devil;;746;ghost;year>2000 and devil_curse_keep and age=0;del;max;Still no luck tricking the Devil?;;;;;;;devil_visit and !devil_curse_keep and >_devilghost and add_dog;;;;;;;>;
devil;_;747;ghost;;;;Keep looking then. This dungeon is murky.;;;;;;;devil_visit and !devil_curse_keep and >_devilghost and add_dog;;;;;;;;
devil;_devilghost;748;dog;;;;Hahaha! you tried to trick me by choosing the Spirit of the Fallen?;;;;;;;>;;;;;;;>;
devil;_;749;dog;;;;Don't you understand?;;;;;;;>;;;;;;;>;
devil;_;750;dog;;;;The Ghost is you. Your consciousness, your memory.;;;;;;;>;;;;;;;>;
devil;_;751;dog;;;;You're committing suicide.;;;;;;;>;;;;;;;>;
devil;_;752;dog;;;;An endless suicide in Hell. Hahahaha!;;;;;;;!devil_visit and >;;;;;;;!devil_visit and >;
devil;_;753;end>final_hell;;;;It never ended.;;;;;;;;;;;;;;;
deaths;_end_dragon;754;end>dead_king_grand;excalibur_keep;;max;<i>You manage to kill the dragon with excalibur but are badly wounded in the process. You're given the funeral of a true hero.</i>;;;;;;;;;;;;;;;
deaths;_end_dragon;755;end>dead_king_burned_burn;;;10;<i>The dragon is really dangerous after all.</i>;;;;;;;;;;;;;;;
;;756;foreign_princess;crusade_keep;100;10;Duel with me, show the world you can fight your own battles. But if you fail, you will have to leave Lamascus.;En garde!;;5?;10?;5?;5?;>_duel_foreign;;;-5?;-10?;-5?;-5?;;
;_duel_foreign;757;foreign_princess;!duel_won;;10;I won. Now end this crusade.;;;-10;-10;15?;;!crusade_keep and isPeaceful;;;5;5;-10;-10?;;
;_duel_foreign;758;foreign_princess;duel_won;;10;I... What was that move? <i>(she ran away)</i>;Run faster...;;;;;;nb_duelwon_keep+;Don't go!;;;;;;nb_duelwon_keep+;
duel;_duelmove_super;759;foreign_princess;;;100;Now you will feel the wrath of the Seven Sabers of Amran.;That's 6 too many;;;;;;;I don't feel anything;;;;;;;
;;760;viking;;100;12;Son of a demon, look at me... <i>(he steals a sword from a guard and threatens you)</i>;En garde!;;;;;;>_duel_viking;<i>Run away</i>;<i><viking> is hacked to pieces by the guards while you run away.</i>;;;;;del_viking and isCoward;
;_duel_viking;761;end>dead_king_duel;!duel_won;;10;<i>Before collapsing, you hear <viking> whisper</i> They are all dead... My children. ;;;;;;;;;;;;;;;
;_duel_viking;762;viking;duel_won;;10;My children... They are all dead.;You're free to go;<i><viking> stayed in the capital. He became a good mason, but never uttered a word after that day.</i>;;;;;del_viking and nb_duelwon_keep+;Guuard!;<i>You put <viking> in prison. He never uttered a word after that day.</i>;;5?;;;del_viking and nb_duelwon_keep+;
duel;_duelmove_super;763;viking;;;100;Tonight I will dine in Valhalla with my brothers and my children.;Say hi;;;;;;;Sounds barbaric;;;;;;;
;;764;executioner;year>900 and school_keep;del;20;We seem to have forgotten how to grow strawberries. That's strange. Let me do some research.;;;-5?;;5?;-10?;;Executions first;;;10?;-5?;;;
;;765;priest;;300;6;The tower of the basilica is falling apart. We need your help!;;;15?;;;-15?;;;;-20?;;;;;
;;766;doctor;;300;6;I would like to meet up with some of my scientist friends from the West, in your castle.;;;-5?;;10;-5?;;;;15?;;-5?;;;
;;767;nobleman;;300;6;Our beautiful capital smells of garbage half the year. Let's build a sewer system.;;;;;15?;-15?;;;;;;-10?;;;
;_starmand;768;priest;;300;6;The pilgrimage of Saint Armand draws thousands of people. We would like to monetize this event.;;;10?;;;10?;;;;-5?;;;;;
;;769;foreign_princess;spice_trade_keep;300;16;Your merchants are organizing the spice trade for themselves. We could sell ten times more if you open up the market.;;;-5;;5;15?;;;;5;;;-10;;
;;770;bird;;300;6;<i>The message says: a village in the South is encouraging polygamy.</i>;<i>Send the army</i>;;;-10?;;;;<i>Send the Church</i>;;10?;;;;;
;;772;jester;dynasty>4;del;150;Your fortune is expanding. I see new cards! New paths in the fields of your lives.;;;;;;;add_witch and >;I'm not paying for that;;;;;;add_witch and >;
;_;773;witch;;;;<jester> is right. A powerful magical force will create new futures for you.;;;;;;;>;How?;;;;;;>;
;_;774;jester;;;;There are 3 secrets in this new universe.;Carry on;;;;;;>;;;;;;;;
;_;775;witch;;;;The fake luck can help you discover an unexpected ally in the dungeon.;Carry on;;;;;;>;;;;;;;;
;_;776;jester;;;;The ambitious lizard can bring peace for generations to come.;Carry on;;;;;;>;;;;;;;;
;_;777;witch;;;;The fatal party will not end well, but at least you will die creatively.;What?;;;;;;;I don't understand;;;;;;;
;_end_dungeon;778;jester;dice_keep;;max;Here, quick, take my hand!;<i>Jump</i>;<i>You manage to grab the jester's hand, just before the trap closes.</i>;-99;-99;-99;-99;>;What...;;;;;;>_end_dungeon;
;_;779;jester;;;;I followed you. There's a whiff of luck around you that is quite irresistible.;;;50;50;50;50;;;;50;50;50;50;;
;_dungeon1;780;dragon;;;;Don't mind me, was just passing by. Please carry on.;;;;;;;;;;;;;;;
;;781;farmer;age>5;300;12;I can't believe you did this!;Deal with it;;;10;-6?;;;It was not serious;;;-5;5;;;
;;782;executioner;age>5;300;12;Would you like a hug?;;;-2;-2;10;;;;;;10;;;;
;;783;homunculus;age>5;300;12;Who gave that answer? The King or the man?;The King;;;10;;;;The man;;;;10;;;
;;784;homunculus;;300;10;If you could change your previous decision, would you do it?;;Interesting <i>answered the homunculus, then he disappeared.</i>;;;;;;;;;;;;;
;;785;merchant;treasure>60;300;16;A group of noblemen are artificially raising the price of iron ore to make more money out of their mines.;Take control of the mines;;;;10;-6;>>>>;Tax them more;;;;-5;15;;
;;786;general;;300;8;Your mines are not providing enough iron ore to make our weapons. We have to buy them abroad!;;;;5;;-15;;;;;-15;;;;
;;787;merchant;spicetrade_keep;60;18;We have to pay a list of bribes as long as my arm to make sure that our caravans are protected on the Silk Road.;;;;;;-25;;;;;;;-5;!spicetrade_keep;
;;788;general;!nb_war_keep;300;16;Nothing is happening this year. The army is bored to death.;Provide them with wine;;;-10;15;-10;;Go exercise;;5;5;;;;
;;789;farmer;demography<40 and military>50;300;20;My Lord, you're a mighty leader. I bow to your greatness.;Very kind of you;;;;5;;;Lower!;;;8;-15;;;
;;790;nobleman;demography<38 and military>50;300;20;Our good people are gathering every Friday to sing songs to your glory.;Lovely!;;;;-5;;>;Why would they do that?;;;;4;;>;
;_;791;witch;;;;They're afraid of you and your army.;They should be;;;3;-10;;;I'm nice though;;;-10;3;;;
;;792;nobleman;treasure>60;300;18;You should be charitable. A lot of poor people don't have a house, let's build some!;;;;;15;-25;>>>>;;;;;-10;;;
;_;793;nobleman;;;;We could earn some money by increasing the rent on the houses we've built for the poor.;;;;;-20;10;;;;;;5;-5;;
;;794;prince;;300;20;Father, the general's son doesn't want me to be the next King.;You will be the next King;;;-10;;;;Fight your own battles;;5;10;5;;;
;;795;merchant;treasure<50;300;18;The black market is thriving. You need to send the army to the streets to stop it.;;;;-5;-20;8;;;;;;10;-3;;
;;796;general;;300;16;Your soldiers' wages are too low. Please pay them properly and on time.;;;;15;;-10;;;;;-10;;;;
;;797;diplomat;warEast_keep;300;22;An emissary of the Eastern baronies is on his way. Should we cut his head off and send it back?;;;;;;;>;;;;;;;>;
;;798;diplomat;;;;Sorry, I meant, should we cut a deal with them?;;;;6;8;-5;!warEast_keep and nb_war_keep- and >>>>>startbarbare;You are truly frightening;;;;;;>;
;;799;diplomat;;;;Is that a yes?;;;;6;8;-5;!warEast_keep and nb_war_keep- and >>>>>startbarbare;;;;;-5;;;
;;800;dog;!hopen_keep and year>900 and has_homunculus;200;12;<i>The dog looks at you intently. Something red shines in his mouth.</i>;Yes?;<i>The dog gives you a bright ruby.</i>;;;;;>_openhomunculus;<i>Run away</i>;<i>The dog runs after you. You fall and he licks you lovingly. A lot of people see the whole scene.</i>;;-5;5;;;
;_end_toorich;801;diplomat;crusade_keep;reign;max;We're in Lamascus, people are suffering here. You should cancel the party and help the poor.;;;-6;-6;10;-30;;I don't care, party!;;;;;;>_end_toorich;
;;802;merchant;;300;14;The price of chicken is soaring. Noblemen are speculating! We should say that we will regulate the trade. ;;<i>Your threats of regulating the price of the chicken had a very positive impact on the market. Of course, no regulation actually took place.</i>;;;;15;;Let them eat beef;;;;-15;;;
;startbarbare;803;diplomat;eastPower_keep and !has_barbare;160;50;The war lord of the East would like to meet you. He can crush our armies if he wants, we should welcome him like a King.;;;;;;;> and add_barbare and !nb_barba;;;;-30;;-5;;
;_;804;barbare;;;;Blagou hirim Zabo. Grigro daboloo zang! <i>(large threatening gesture directed at you)</i>;I...;;;;;;>;What...;;;;;;>;
;_;805;diplomat;;;;I can translate! He says that your country is beautiful and he would like to cuddle you.;Sure...;;;;;;>_barbatalk;Are you certain...;;;;;;>;
;_leavediplomat;806;diplomat;;;;If you don't believe me, I will let you deal with him alone. Should I go?;;<i>You had a long and unintelligible chat with <barbare> that ended up with good laughs. The following day the Eastern baronies tried to invade your country again.</i>;;-15;-5;-10;del_barbare and warEast_keep and nb_war_keep+;;;;;;;>_barbatalk;
;_barbatalk;807;barbare;;4;1;Zgando agamane hirim Gabo! <i>(gentle laugh)</i>;<i>Laugh</i>;<i>For some reason, this reaction charmed the barbarian.</i>;;;;;nb_barba+ and >_barbatalk;<i>Look at <diplomat></i>;;;;;;>;
;_;808;diplomat;;;;He says he's in the mood to slay some enemies and drink blood from their skulls.;Offer wine;;;;;;!nb_barba and >_barbatalk;It doesn't look like...;;;;;;>_leavediplomat;
;_barbatalk;809;barbare;;4;1;Laga dolo. Laga dolo... <i>(looking sad and depressed)</i>. Gabo lo.;<i>Comfort him</i>;;;;;;!nb_barba and >_barbatalk;<i>Look at <diplomat></i>;;;;;;>;
;_;810;diplomat;;;;He's offering his condolences for the death of your morale... or is it your horse? It could be...;<i>Angry bang on the table</i>;<i>For some reason, this reaction charmed the barbarian.</i>;;;;;nb_barba+ and >_barbatalk;You're a terrible translator;;;;;;>_leavediplomat;
;_barbatalk;811;barbare;;4;1;Groro da? <i>(he removes a large piece of meat from his coat and offers it to you)</i>;<i>Eat a chunk</i>;;;;;;!nb_barba and >_barbatalk;<i>Look at <diplomat></i>;;;;;;>;
;_;812;diplomat;;;;He's looking for a bin to dispose of his spoiled dinner.;Tell him my castle is not a dump;<i>For some reason, this reaction charmed the barbarian.</i>;;;;;nb_barba+ and >_barbatalk;<i>Put the meat in the bin</i>;;;;;;>_barbatalk;
;_barbatalk;813;barbare;;4;1;Hagadam dolo. E dolo pragon. <i>(he mimicks riding a horse)</i>;<i>Give him a horse</i>;;;;;;>_barbatalk;<i>Look at <diplomat></i>;;;;;;>;
;_;814;diplomat;;;;His bottom is hurting from all the riding.;Tell him I pity him;;;;;;!nb_barba and >_barbatalk;<i>Don't answer</i>;;;;;;>_leavediplomat;
;_barbatalk;815;barbare;;4;1;Progodu tyo damno. <i>(impenetrable look)</i>;<i>Answer with gibberish</i>;<i>That was an insult. It didn't work very well.</i>;;-40;-5;-10;del_barbare and warEast_keep and nb_war_keep+;<i>Look at <diplomat></i>;;;;;;>;
;_;816;diplomat;;;;He says "time is the hero's shield".;Tell him "space is the fool's sword";<i>For some reason, this reaction charmed the barbarian.</i>;;;;;>_barbatalk and nb_barba+;Tell him "I'm defenseless";<i><barbare> laughed, but it's a bit forced.</i>;;;;;>_barbatalk;
;_barbatalk;817;barbare;;4;1;Igolo dal brezou. Shabale. <i>(he points at his face)</i> Shabale, shabale.;<i>Grimace</i>;;;;;;>_leavediplomat;<i>Look at <diplomat></i>;;;;;;>;
;_;818;diplomat;;;;He says that the mouse is orange.;<i>Sigh</i>;<i>For some reason, this reaction charmed the barbarian.</i>;;;;;>_barbatalk and nb_barba+;<i>Look at <diplomat></i>;;;;;;>_leavediplomat;
;_barbatalk;819;barbare;nb_barba>5;3;max;Zgada.;I...;;;;;;>;<i>Look at <diplomat></i>;;;;;;>;
;_barbawon;820;diplomat;;;;He says that he likes you and is willing to graciously offer his help.;All right;;;;;;>;He said all that?;;;;;;>;
;_;821;diplomat;;;;I'm not finished. Each time a new war occurs, <barbare> may come and visit you to help. Should I accept?;;<i><diplomat> slapped <barbare> in the face, who laughed merrily. You spend the next week drinking before his departure.</i>;;;;;>;;;;;;;del_barbare;
;_;822;barbare;nb_war_keep;150;25;Blougoum adomi.;;;;;15;-9;!nb_war_keep and !warSouth_keep and !warWest_keep and !warEast_keep and !warIslander_keep and !warViking_keep;<i>Convoke <diplomat></i>;;;;;;>;
;_;823;diplomat;;;;He offers to stop the war for... 30 horses. Bargain.;;;;;15;-9;!nb_war_keep and !warSouth_keep and !warWest_keep and !warEast_keep and !warIslander_keep and !warViking_keep;;;;-10;-5;-10;;
;;824;barbare;!nb_war_keep;150;25;Damo adomi.;;;-10;5;20;30;;<i>Summon <diplomat></i>;;;;;;>;
;_;825;diplomat;;;;He's offering us to take part in a large cooperation between the major countries of the continent.;;;-10;5;20;30;;;;-5;;-5;-15;;
;;826;foreign_princess;age>5 and !crusade_keep;400;20;Sign a peace treaty with my country and we will guarantee 10 years of unenventful and boring prosperity.;;;;;;;>>;;;;10;-10;-5;;
;_;827;monk;;;;It's like... nothing is happening! God be praised!;;;;;;;>>;;;;;;;>>;
;_;828;monk;;;;There is only good news this year. Your Kingdom is a paradise!;;;;;;;>>;;;;;;;>>;
;_;829;monk;;;;So... we almost went to war with the East, but it didn't happen in the end.;;;;;;;>>_loopprosper;;;;;;;>>_loopprosper;
;_loopprosper;830;anyone;;;10;Nothing, absolutely nothing is happening.;<i>Play games</i>;;;;;;>>_loopprosper and nb_prosper+;<i>Escape</i>;;;;;;>_end_selfexile;
;_loopprosper;831;foreign_princess;nb_prosper>6;;max;It was painful, wasn't it? But don't worry, it's over now. ;What?;;;;;;;What?;;;;;;;
;_end_selfexile;832;end>dead_king_unknow;;;10;<i>You decide to slip out of the castle in the dead of night. What happened to you? A lot of mysterious adventures.</i>;;;;;;;;;;;;;;;
;;833;werewolf;;300;14;I opened a trendy tavern near the harbour. Will you graciously loan me some money?;;;-5;;5;-10;>>>>>>>>>>;;;10;;;;;
;;834;priest;has_parker and has_werewolf;300;3;I heard about a new place of bestial perdition down in the harbour. We should close it.;;<priest> almost dragged you to the tavern. It's full of loud noises and strange smells.;;;-10;-10;>_party;Not so fast;<priest> almost dragged you to the tavern. It's full of loud noises and strange smells.;;;;;>_party;
;_party;835;werewolf;;10;100;What are you doing here?;Passing by...;;;;;;>_party;I'm going to...;;;;;;>_party;
;_party;836;parker;;10;100;You like this place? I invested in it. So many weird delinquents with animal masks.;What...;;;;;;>_party;You...;;;;;;>_party;
;_party;837;general;;10;100;La vita è roôoosa <i>(dancing wildly...)</i>;Well...;;;;;;>_party;Ho...;;;;;;>_party;
;_party;838;nun;;10;100;Hu... This is not me, I'm not here.;Dance with me!;;;;;;>_party;Nooooo...;;;;;;>_party;
;_party;839;priest;;;1;Enough your majesty! You need to close this stinky hole!;;;;;-10;-10;;;;-20;8;5;8;;
;;840;nobleman;;300;12;There's been a robbery! The treasure has been attacked by a bold gang.;;;;;;-30;;Friends of yours?;<i><nobleman> defended himself vehemently. In the end he told you about his accomplices and you found half the treasure.</i>;;;;-10;;
;;841;explorator;dynasty>8;300;12;During my travels I found an elephant!;Show me!;;;;;;>;I don't believe you;;;;;;>;
;_;842;dragon;;;;Shhh... <i>(breathing fire)</i>;Haaa!;;;;;;>;It's not an elephant;;;;;;>;
;_unmaskelephant;843;explorator;;;;A dragon? ha ha, you're kidding me. Dragons don't exist.;Sure...;<i>Everyone pretended the dragon was an elephant. You finally managed to get rid of it by selling it to a nomadic circus.</i>;;;;15;;This one does;<i>The unmasked "elephant" destroyed a large part of the castle before escaping.</i>;;-15;-5;-10;;
;;844;prophet;;300;15;You're a miscreant spitting in the face of God! Your priests are a sorry band of pagans! <i>(blinking heavily)</i>;En garde;;10;;;;>_duel_prophet;Out. Now.;;5;;;;;
;_duel_prophet;845;prophet;!duel_won;;10;How did you manage to lose this duel? You're rubbish.;En garde;;;;;;>_duel_prophet;Get lost;;;;;;;
;_duel_prophet;846;prophet;duel_won;;10;I'm dying... <i>(faking agony)</i> The King killed me! I'm a martyr!;;;;;;;>>;;;;;;;>>;
;_;847;prophet>saint;;;;Thanks to you, I'm now a saint! I'm creating a new church!;All right;;15;;;;>;You can't do that!;;-15;;;;>_badanswersaint;
;_;848;prophet>saint;;;;Good answer! See, I have a large following already. ;;;5;;;;>_reacpriest;;;-5;;;;>_reacpriest;
;_badanswersaint;849;prophet>saint;;;;Bad answer! See, I have a large following already. ;;;5;;;;>_reacpriest;;;-5;;;;>_reacpriest;
;_reacpriest;850;priest;;;;This is obviously not going to end well.;I can't do anything!;;-10;;;;>;And?;;-5;;;;>;
;_schizm;851;nobleman;;;;The Church is going through a schizm! You have to give more power to the priesthood or the backlash will be terrible.;;;20;;;;inquisition and theocracy;;<i>Both parts of the Church fought for a long time, for a result that was not really clear.</i>;5;;10;;;
;;852;black_bird;;300;12;The message says: <i>A griffin has devastated the garrison from the South.</i>;<i>Send money</i>;;;;;-20;>>>>>>>revealbird;<i>Ignore</i>;;;-10;-10;;>>>>>>>revealbird;
;;853;black_bird;;300;12;The message says: <i>A dragon is said to have planned the invasion of your treasury.</i>;Reinforce security;;;;;-10;;Must be a lizard;;;;;;>;
;_;854;dragon;;;;No need to be insulting.;Here is the treasure;Thank you kindly, <i>answered the dragon.</i>;;;;-20;;En garde!;;;;;;>_end_dragon;
;revealbird;855;bird;;del;12;<i>The message says: Don't believe the black bird. It's all fake news.</i>;I...;;;;;;>;Why...;;;;;;>;
;_;856;black_bird;;;;<i>The message says: <bird> is a puppet in the hands of bad people. Sad.</i>;I...;;;;;;>;Why...;;;;;;>;
;_;857;bird;;;;You little scoundrel, I will pluck you one feather at a time.;I...;;;;;;>;Why...;;;;;;>;
;_;858;black_bird;;;;Yeah, try that, my sweet little white dove. Try that.;Hey!;<i>Both birds look at you, finally noticing your presence.</i>;;;;;>;Ho!;<i>Both birds look at you, finally noticing your presence.</i>;;;;;>;
;_;859;bird;;;;Ha, well done fluttering demon. Great work. Now he knows <i>(looking at you)</i>.;;;;;;;>;;;;;;;>;
;_;860;bird;;;;All this time spent painfully writing my powerful messages, all for nothing.;;;;;;;>;;;;;;;>;
;_;861;bird;;;;Yes, I am the real author of the messages. But would you have believed a pigeon?;;;;;;;>;;;;;;;>;
;_;862;black_bird;;;;Don't listen. I have proof that he was not even born in the castle's rookery.;;;;;;;>;;;;;;;>;
;_birdchoice;863;bird;;;;All fake and divisive. You have a choice, my King. Only one bird can remain. Which one?;You;;;;;;del_black_bird;The other one;;;;;;>>>>>>deathblack and del_bird;
;deathblack;864;black_bird;;200;8;<i>The message says: Islanders are preparing an invasion of the Kingdom.</i>;Send the army!;<i>The army was mobilized against an enemy that never materialized.</i>;;-30;;;;It's not true;;5;10;5;5;;
death and accidents;_end_toorich;865;end>dead_king_arrow;;;100;During the party, someone started an archery game. It didn't end well for you.;;;;;;;;;;;;;;;
death and accidents;_end_toorich;866;end>dead_king_acid;;;100;A huge cask of strong ale was brought into the castle. Too drunk, you fell in during the party.;;;;;;;;;;;;;;;
;;867;foreign_princess;hopen_keep and !strawberry_keep and niceskel_keep;del;24;I know you're looking for something in Lamascus. I can help you find it, but you have to make a promise to me.;;;-5;-5;;;>;;;;;;;;
;_;868;foreign_princess;;;;You or your descendants will not occupy our country again, whatever the pressure you receive.;;;-5;;;;>;;;;;;;;
;_;869;foreign_princess;;;;Follow me.;;<i>You follow <foreign_princess> in a nameless sloop anchored in the port. For weeks and weeks you traveled, until you finally reach Lamascus. You enter the city by a hidden gate.</i>;;;;;> and pledge_keep;;;;;;;;
;_;870;homunculus;;;;Here you are! Come closer my friend...;Why would...;;;;;;>_trackpledge;What is...;;;;;;>_trackpledge;
;;871;foreign_princess;pledge_keep and crusade_keep;300;200;Did you really think my people would forget your pledge?;What...;;-100;-100;-100;-100;!crusade_keep and >_end_ants;What...;;-100;-100;-100;-100;!crusade_keep and >_end_ants;
;_end_ants;872;end>dead_king_ants;;;;<i>You're waking up a few days later under a burning sun, paralyzed, slowly eaten by giant red ants.</i>;;;;;;;;;;;;;;;
;;873;black_bird;;300;12;<i>The message says: A giant is shaking the ground near Pavoli. Send your priests to help!</i>;;;-5;;-30;-10;;Send the army;;;-10;-5;;;
;;874;foreign_princess;;300;14;Your army persecutes my people in the name of your God. Condemn them, it's a crime.;;;-5;-5;20;15;;;;;;-10;-10;;
;;875;priest;;300;12;Your soldiers are bullying some priests and their congregation into paying money for their protection. Make them stop!;;;10;-10;10;-5;>;;;-20;;-20;;;
;_;876;general;;;;It's a lie! We're only asking for the money they have to pay to the crown. You are too lax with them!;All right;;-30;5;-30;-5;;Lower the taxes;;5;5;5;;;
;;877;executioner;;300;12;I don't like <farmer>. He's a whimpering lier.;You're right;;;;-5;;>>>>>>>;But a useful one;;;;;;>>>>>>>;
;_;878;farmer;;;;The cattle are dying from an epidemic, more and more every day. Help your farmers contain it!;;;;;5;-10;>;;;;;10;5;>;
;_;879;executioner;;;;Here, that was a lie, and you bought it with great satisfaction, well done.;;;;;;;>>>>>>>>>>>>>>>>>;;;;;;;>>>>>>>>>>>>>>;
;;880;farmer;;300;6;I don't like <executioner>. He's a lazy fraud.;;;;-5;;;;;;;5;5;;;
;;881;priest;;300;14;A miracle happened in the South, a statue of the prophet is weeping blood. We should claim it's genuine.;;;15;;-5;-5;;;;-10;;10;;;
;;882;jester;spin_keep;300;14;I saw strange lights in the sky last night. Maybe it's a sign that my destiny is to rule this Kingdom.;;;;;;;>;;;;;;;>;
;_;883;monk;;;;The scholars are convinced. It's a miracle. Do you want to recognize it?;;<i>It backfired quickly. The jester, now a saint, managed to ridicule the Church by selling a lot of gruesome "miraculous visions".</i>;-30;-10;-10;;;;;;;;;;
;;884;foreign_princess;;300;14;I have a legal issue with one of your merchants about his trade. Making a case takes too long in your Kingdom.;I will reform justice;;;5;5;10;;Good luck;;5;;;-15;;
;;885;witch;;300;14;A duke decided to reestablish the feudal right allowing a Lord to bed a woman during her wedding night.;Let him do as he wants;;-5;5;-20;;;That shall not pass;;;-4;10;;;
;;886;general;!warSouth_keep and !warWest_keep;300;14;The South is asking for help in their conflict with the West. Should we send our army as neutral observers? They pay.;;;;-10;;30;>>>>;;;;;-4;-5;;
;_;887;diplomat;;;;Our soldiers were over zealous. Now we're both at war with the South and the West.;Nice;;;-10;;;warSouth_keep and warWest_keep and nb_war_keep++;Bring back the army;;;10;-20;-10;warSouth_keep and warWest_keep and nb_war_keep++;
